sample_id,dataset,relation,topic,profile,direct_disagreement,logic_or_evidence_challenge,counter_claim,targeted_response,agreement_or_neutral,C
4F-QUOTE-001,4Forums,quote,abortion,P0,0.95,0.35,0.85,,0.05,0.7277777777777776
4F-QUOTE-001,4Forums,quote,abortion,P1,0.95,0.6,0.95,,0.05,0.8333333333333333
4F-QUOTE-001,4Forums,quote,abortion,P2,0.9,0.5,0.9,,0.05,0.7722222222222223
4F-QUOTE-002,4Forums,quote,abortion,P0,0.55,0.65,0.7,,0.25,0.6388888888888888
4F-QUOTE-002,4Forums,quote,abortion,P1,0.4,0.7,0.7,,0.3,0.5999999999999999
4F-QUOTE-002,4Forums,quote,abortion,P2,0.5,0.6,0.7,,0.3,0.5999999999999999
4F-QUOTE-003,4Forums,quote,abortion,P0,0.9,0.85,0.9,,0.05,0.888888888888889
4F-QUOTE-003,4Forums,quote,abortion,P1,0.9,0.85,0.9,,0.05,0.888888888888889
4F-QUOTE-003,4Forums,quote,abortion,P2,0.95,0.85,0.95,,0.05,0.9166666666666666
4F-QUOTE-004,4Forums,quote,abortion,P0,0.5,0.65,0.4,,0.2,0.5611111111111111
4F-QUOTE-004,4Forums,quote,abortion,P1,0.4,0.8,0.6,,0.1,0.6333333333333333
4F-QUOTE-004,4Forums,quote,abortion,P2,0.4,0.6,0.7,,0.2,0.5777777777777778
4F-QUOTE-005,4Forums,quote,abortion,P0,0.95,0.85,0.9,,0.02,0.908888888888889
4F-QUOTE-005,4Forums,quote,abortion,P1,0.9,0.9,0.85,,0.05,0.8944444444444445
4F-QUOTE-005,4Forums,quote,abortion,P2,0.9,0.85,0.9,,0.05,0.888888888888889
4F-QUOTE-006,4Forums,quote,abortion,P0,0.9,0.95,0.9,,0.02,0.9255555555555555
4F-QUOTE-006,4Forums,quote,abortion,P1,0.95,0.9,0.9,,0.05,0.9222222222222222
4F-QUOTE-006,4Forums,quote,abortion,P2,0.95,0.9,0.9,,0.05,0.9222222222222222
4F-QUOTE-007,4Forums,quote,abortion,P0,0.85,0.9,0.8,,0.05,0.8666666666666667
4F-QUOTE-007,4Forums,quote,abortion,P1,0.95,0.9,0.9,,0.05,0.9222222222222222
4F-QUOTE-007,4Forums,quote,abortion,P2,0.9,0.9,0.85,,0.05,0.8944444444444445
4F-QUOTE-008,4Forums,quote,abortion,P0,0.9,0.85,0.85,,0.05,0.8777777777777778
4F-QUOTE-008,4Forums,quote,abortion,P1,0.9,0.85,0.9,,0.1,0.8833333333333333
4F-QUOTE-008,4Forums,quote,abortion,P2,0.9,0.8,0.9,,0.05,0.8722222222222222
4F-QUOTE-009,4Forums,quote,abortion,P0,0.5,0.8,0.3,,0.2,0.5888888888888889
4F-QUOTE-009,4Forums,quote,abortion,P1,0.5,0.8,0.3,,0.2,0.5888888888888889
4F-QUOTE-009,4Forums,quote,abortion,P2,0.15,0.65,0.35,,0.15,0.4388888888888889
4F-QUOTE-010,4Forums,quote,abortion,P0,0.9,0.85,0.85,,0.05,0.8777777777777778
4F-QUOTE-010,4Forums,quote,abortion,P1,0.9,0.8,0.9,,0.1,0.8666666666666667
4F-QUOTE-010,4Forums,quote,abortion,P2,0.85,0.85,0.8,,0.05,0.85
4F-QUOTE-011,4Forums,quote,abortion,P0,0.8,0.6,0.8,,0.1,0.7444444444444445
4F-QUOTE-011,4Forums,quote,abortion,P1,0.6,0.5,0.8,,0.4,0.6111111111111112
4F-QUOTE-011,4Forums,quote,abortion,P2,0.5,0.45,0.75,,0.1,0.5833333333333334
4F-QUOTE-012,4Forums,quote,abortion,P0,0.4,0.7,0.0,,0.3,0.4444444444444444
4F-QUOTE-012,4Forums,quote,abortion,P1,0.0,0.6,0.0,,0.7,0.2333333333333333
4F-QUOTE-012,4Forums,quote,abortion,P2,0.0,0.5,0.0,,0.6,0.2111111111111111
4F-QUOTE-013,4Forums,quote,abortion,P0,0.7,0.8,0.5,,0.15,0.7055555555555554
4F-QUOTE-013,4Forums,quote,abortion,P1,0.7,0.8,0.7,,0.2,0.7444444444444444
4F-QUOTE-013,4Forums,quote,abortion,P2,0.65,0.7,0.45,,0.1,0.65
4F-QUOTE-014,4Forums,quote,abortion,P0,0.1,0.25,0.1,,0.8,0.1611111111111111
4F-QUOTE-014,4Forums,quote,abortion,P1,0.7,0.8,0.7,,0.1,0.7555555555555554
4F-QUOTE-014,4Forums,quote,abortion,P2,0.65,0.75,0.75,,0.1,0.7333333333333334
4F-QUOTE-015,4Forums,quote,abortion,P0,0.3,0.15,0.25,,0.6,0.25
4F-QUOTE-015,4Forums,quote,abortion,P1,0.2,0.1,0.1,,0.8,0.14444444444444446
4F-QUOTE-015,4Forums,quote,abortion,P2,0.15,0.05,0.2,,0.6,0.15555555555555556
4F-QUOTE-016,4Forums,quote,abortion,P0,0.9,0.8,0.7,,0.05,0.8277777777777777
4F-QUOTE-016,4Forums,quote,abortion,P1,0.8,0.6,0.7,,0.1,0.7222222222222221
4F-QUOTE-016,4Forums,quote,abortion,P2,0.85,0.5,0.7,,0.1,0.7055555555555556
4F-QUOTE-017,4Forums,quote,abortion,P0,0.78,0.88,0.72,,0.1,0.8133333333333332
4F-QUOTE-017,4Forums,quote,abortion,P1,0.8,0.85,0.8,,0.1,0.8277777777777777
4F-QUOTE-017,4Forums,quote,abortion,P2,0.85,0.75,0.85,,0.05,0.8277777777777777
4F-QUOTE-018,4Forums,quote,abortion,P0,0.94,0.88,0.92,,0.04,0.9177777777777778
4F-QUOTE-018,4Forums,quote,abortion,P1,0.9,0.85,0.9,,0.2,0.8722222222222223
4F-QUOTE-018,4Forums,quote,abortion,P2,0.9,0.85,0.9,,0.25,0.8666666666666667
4F-QUOTE-019,4Forums,quote,abortion,P0,0.86,0.72,0.8,,0.08,0.8066666666666666
4F-QUOTE-019,4Forums,quote,abortion,P1,0.9,0.6,0.85,,0.05,0.7944444444444444
4F-QUOTE-019,4Forums,quote,abortion,P2,0.8,0.6,0.8,,0.05,0.75
4F-QUOTE-020,4Forums,quote,abortion,P0,0.66,0.48,0.72,,0.14,0.6355555555555555
4F-QUOTE-020,4Forums,quote,abortion,P1,0.8,0.5,0.75,,0.1,0.7
4F-QUOTE-020,4Forums,quote,abortion,P2,0.7,0.4,0.8,,0.1,0.6444444444444444
4F-QUOTE-021,4Forums,quote,abortion,P0,0.84,0.9,0.86,,0.08,0.8733333333333333
4F-QUOTE-021,4Forums,quote,abortion,P1,0.7,0.9,0.8,,0.1,0.8111111111111111
4F-QUOTE-021,4Forums,quote,abortion,P2,0.7,0.9,0.85,,0.1,0.8222222222222222
4F-QUOTE-022,4Forums,quote,abortion,P0,0.3,0.25,0.55,,0.38,0.37444444444444447
4F-QUOTE-022,4Forums,quote,abortion,P1,0.3,0.2,0.4,,0.2,0.3444444444444445
4F-QUOTE-022,4Forums,quote,abortion,P2,0.45,0.3,0.65,,0.15,0.4888888888888889
4F-QUOTE-023,4Forums,quote,abortion,P0,0.08,0.16,0.34,,0.72,0.18666666666666668
4F-QUOTE-023,4Forums,quote,abortion,P1,0.1,0.1,0.2,,0.7,0.14444444444444446
4F-QUOTE-023,4Forums,quote,abortion,P2,0.0,0.0,0.15,,0.8,0.05555555555555555
4F-QUOTE-024,4Forums,quote,abortion,P0,0.45,0.62,0.28,,0.38,0.48777777777777775
4F-QUOTE-024,4Forums,quote,abortion,P1,0.6,0.8,0.6,,0.1,0.7
4F-QUOTE-024,4Forums,quote,abortion,P2,0.55,0.85,0.45,,0.05,0.6722222222222222
4F-QUOTE-025,4Forums,quote,abortion,P0,0.65,0.9,0.5,,0.1,0.7277777777777777
4F-QUOTE-025,4Forums,quote,abortion,P1,0.8,0.85,0.55,,0.15,0.7666666666666666
4F-QUOTE-025,4Forums,quote,abortion,P2,0.75,0.85,0.6,,0.15,0.7611111111111111
4F-QUOTE-026,4Forums,quote,abortion,P0,0.8,0.7,0.8,,0.1,0.7777777777777777
4F-QUOTE-026,4Forums,quote,abortion,P1,0.7,0.8,0.8,,0.2,0.7666666666666666
4F-QUOTE-026,4Forums,quote,abortion,P2,0.8,0.65,0.85,,0.2,0.7611111111111112
4F-QUOTE-027,4Forums,quote,abortion,P0,0.55,0.15,0.8,,0.25,0.4944444444444445
4F-QUOTE-027,4Forums,quote,abortion,P1,0.75,0.3,0.8,,0.2,0.6166666666666666
4F-QUOTE-027,4Forums,quote,abortion,P2,0.85,0.2,0.8,,0.1,0.6277777777777779
4F-QUOTE-028,4Forums,quote,abortion,P0,0.15,0.1,0.05,,0.9,0.10555555555555554
4F-QUOTE-028,4Forums,quote,abortion,P1,0.1,0.0,0.0,,0.85,0.049999999999999996
4F-QUOTE-028,4Forums,quote,abortion,P2,0.1,0.0,0.05,,0.85,0.061111111111111116
4F-QUOTE-029,4Forums,quote,abortion,P0,0.9,0.45,0.9,,0.05,0.7555555555555555
4F-QUOTE-029,4Forums,quote,abortion,P1,0.9,0.7,0.9,,0.05,0.8388888888888889
4F-QUOTE-029,4Forums,quote,abortion,P2,0.95,0.7,0.9,,0.05,0.8555555555555555
4F-QUOTE-030,4Forums,quote,abortion,P0,0.85,0.8,0.7,,0.1,0.8055555555555555
4F-QUOTE-030,4Forums,quote,abortion,P1,0.85,0.8,0.7,,0.2,0.7944444444444445
4F-QUOTE-030,4Forums,quote,abortion,P2,0.8,0.85,0.75,,0.1,0.8166666666666667
4F-QUOTE-031,4Forums,quote,abortion,P0,0.85,0.9,0.85,,0.08,0.8744444444444445
4F-QUOTE-031,4Forums,quote,abortion,P1,0.9,0.8,0.8,,0.1,0.8444444444444444
4F-QUOTE-031,4Forums,quote,abortion,P2,0.8,0.85,0.75,,0.25,0.7999999999999999
4F-QUOTE-032,4Forums,quote,abortion,P0,0.75,0.25,0.7,,0.15,0.5833333333333333
4F-QUOTE-032,4Forums,quote,abortion,P1,0.6,0.5,0.6,,0.1,0.5999999999999999
4F-QUOTE-032,4Forums,quote,abortion,P2,0.6,0.35,0.5,,0.1,0.5277777777777778
4F-QUOTE-033,4Forums,quote,abortion,P0,0.1,0.05,0.05,,0.85,0.07777777777777778
4F-QUOTE-033,4Forums,quote,abortion,P1,0.05,0.0,0.0,,0.7,0.05
4F-QUOTE-033,4Forums,quote,abortion,P2,0.0,0.0,0.0,,0.6,0.04444444444444445
4F-QUOTE-034,4Forums,quote,evolution,P0,0.35,0.25,0.1,,0.5,0.2777777777777778
4F-QUOTE-034,4Forums,quote,evolution,P1,0.3,0.2,0.3,,0.6,0.2777777777777778
4F-QUOTE-034,4Forums,quote,evolution,P2,0.0,0.0,0.0,,0.8,0.02222222222222222
4F-QUOTE-035,4Forums,quote,evolution,P0,0.1,0.0,0.0,,0.85,0.049999999999999996
4F-QUOTE-035,4Forums,quote,evolution,P1,0.0,0.0,0.0,,0.85,0.01666666666666667
4F-QUOTE-035,4Forums,quote,evolution,P2,0.0,0.0,0.0,,0.9,0.01111111111111111
4F-QUOTE-036,4Forums,quote,evolution,P0,0.9,0.7,0.85,,0.05,0.8277777777777777
4F-QUOTE-036,4Forums,quote,evolution,P1,0.9,0.75,0.9,,0.05,0.8555555555555555
4F-QUOTE-036,4Forums,quote,evolution,P2,0.85,0.6,0.75,,0.05,0.7555555555555554
4F-QUOTE-037,4Forums,quote,evolution,P0,0.0,0.0,0.0,,0.95,0.00555555555555556
4F-QUOTE-037,4Forums,quote,evolution,P1,0.0,0.0,0.1,,0.9,0.03333333333333333
4F-QUOTE-037,4Forums,quote,evolution,P2,0.0,0.0,0.2,,0.8,0.06666666666666667
4F-QUOTE-038,4Forums,quote,evolution,P0,0.0,0.0,0.0,,0.9,0.01111111111111111
4F-QUOTE-038,4Forums,quote,evolution,P1,0.0,0.0,0.0,,0.95,0.00555555555555556
4F-QUOTE-038,4Forums,quote,evolution,P2,0.0,0.0,0.0,,0.9,0.01111111111111111
4F-QUOTE-039,4Forums,quote,evolution,P0,0.2,0.0,0.0,,0.7,0.09999999999999999
4F-QUOTE-039,4Forums,quote,evolution,P1,0.05,0.1,0.0,,0.65,0.08888888888888888
4F-QUOTE-039,4Forums,quote,evolution,P2,0.0,0.0,0.0,,0.8,0.02222222222222222
4F-QUOTE-040,4Forums,quote,evolution,P0,0.25,0.0,0.0,,0.6,0.12777777777777777
4F-QUOTE-040,4Forums,quote,evolution,P1,0.05,0.0,0.0,,0.6,0.061111111111111116
4F-QUOTE-040,4Forums,quote,evolution,P2,0.1,0.0,0.0,,0.7,0.06666666666666667
4F-QUOTE-041,4Forums,quote,evolution,P0,0.9,0.85,0.9,,0.05,0.888888888888889
4F-QUOTE-041,4Forums,quote,evolution,P1,0.9,0.95,0.9,,0.05,0.9222222222222222
4F-QUOTE-041,4Forums,quote,evolution,P2,0.9,0.9,0.9,,0.1,0.9
4F-QUOTE-042,4Forums,quote,evolution,P0,0.6,0.7,0.4,,0.35,0.5944444444444444
4F-QUOTE-042,4Forums,quote,evolution,P1,0.45,0.65,0.4,,0.55,0.5055555555555555
4F-QUOTE-042,4Forums,quote,evolution,P2,0.2,0.7,0.3,,0.8,0.3888888888888889
4F-QUOTE-043,4Forums,quote,evolution,P0,0.95,0.85,0.95,,0.02,0.9199999999999999
4F-QUOTE-043,4Forums,quote,evolution,P1,0.95,0.9,0.95,,0.05,0.9333333333333331
4F-QUOTE-043,4Forums,quote,evolution,P2,1.0,0.9,1.0,,0.0,0.9666666666666667
4F-QUOTE-044,4Forums,quote,evolution,P0,0.15,0.4,0.05,,0.65,0.2333333333333333
4F-QUOTE-044,4Forums,quote,evolution,P1,0.1,0.15,0.05,,0.8,0.11666666666666664
4F-QUOTE-044,4Forums,quote,evolution,P2,0.1,0.1,0.0,,0.8,0.08888888888888888
4F-QUOTE-045,4Forums,quote,evolution,P0,0.3,0.45,0.4,,0.6,0.3833333333333334
4F-QUOTE-045,4Forums,quote,evolution,P1,0.6,0.7,0.7,,0.2,0.6777777777777779
4F-QUOTE-045,4Forums,quote,evolution,P2,0.5,0.7,0.7,,0.3,0.6333333333333333
4F-QUOTE-046,4Forums,quote,evolution,P0,0.95,0.9,0.95,,0.02,0.9366666666666665
4F-QUOTE-046,4Forums,quote,evolution,P1,0.9,0.9,0.9,,0.05,0.9055555555555556
4F-QUOTE-046,4Forums,quote,evolution,P2,0.9,0.9,0.9,,0.05,0.9055555555555556
4F-QUOTE-047,4Forums,quote,evolution,P0,0.5,0.7,0.55,,0.35,0.5944444444444443
4F-QUOTE-047,4Forums,quote,evolution,P1,0.6,0.7,0.7,,0.3,0.6666666666666666
4F-QUOTE-047,4Forums,quote,evolution,P2,0.6,0.7,0.7,,0.3,0.6666666666666666
4F-QUOTE-048,4Forums,quote,evolution,P0,0.1,0.15,0.2,,0.85,0.14444444444444446
4F-QUOTE-048,4Forums,quote,evolution,P1,0.1,0.1,0.1,,0.85,0.10555555555555556
4F-QUOTE-048,4Forums,quote,evolution,P2,0.0,0.0,0.0,,0.9,0.01111111111111111
4F-QUOTE-049,4Forums,quote,evolution,P0,0.2,0.1,0.15,,0.6,0.17777777777777778
4F-QUOTE-049,4Forums,quote,evolution,P1,0.0,0.1,0.1,,0.8,0.07777777777777778
4F-QUOTE-049,4Forums,quote,evolution,P2,0.05,0.05,0.1,,0.7,0.0888888888888889
4F-QUOTE-050,4Forums,quote,evolution,P0,0.0,0.0,0.0,,1.0,0.0
4F-QUOTE-050,4Forums,quote,evolution,P1,0.0,0.0,0.0,,1.0,0.0
4F-QUOTE-050,4Forums,quote,evolution,P2,0.0,0.0,0.0,,0.95,0.00555555555555556
4F-QUOTE-051,4Forums,quote,evolution,P0,0.75,0.65,0.8,,0.15,0.7388888888888889
4F-QUOTE-051,4Forums,quote,evolution,P1,0.6,0.5,0.6,,0.3,0.5777777777777776
4F-QUOTE-051,4Forums,quote,evolution,P2,0.45,0.3,0.5,,0.4,0.42777777777777776
4F-QUOTE-052,4Forums,quote,evolution,P0,0.5,0.8,0.75,,0.15,0.6944444444444444
4F-QUOTE-052,4Forums,quote,evolution,P1,0.8,0.7,0.7,,0.1,0.7555555555555554
4F-QUOTE-052,4Forums,quote,evolution,P2,0.7,0.8,0.75,,0.1,0.7666666666666666
4F-QUOTE-053,4Forums,quote,evolution,P0,0.0,0.0,0.0,,0.95,0.00555555555555556
4F-QUOTE-053,4Forums,quote,evolution,P1,0.0,0.0,0.0,,0.95,0.00555555555555556
4F-QUOTE-053,4Forums,quote,evolution,P2,0.0,0.0,0.0,,0.85,0.01666666666666667
4F-QUOTE-054,4Forums,quote,evolution,P0,0.1,0.1,0.1,,0.85,0.10555555555555556
4F-QUOTE-054,4Forums,quote,evolution,P1,0.0,0.0,0.05,,0.9,0.022222222222222223
4F-QUOTE-054,4Forums,quote,evolution,P2,0.0,0.0,0.0,,0.8,0.02222222222222222
4F-QUOTE-055,4Forums,quote,evolution,P0,0.55,0.3,0.75,,0.25,0.5333333333333333
4F-QUOTE-055,4Forums,quote,evolution,P1,0.5,0.3,0.6,,0.3,0.47777777777777775
4F-QUOTE-055,4Forums,quote,evolution,P2,0.4,0.0,0.5,,0.35,0.3166666666666667
4F-QUOTE-056,4Forums,quote,evolution,P0,0.05,0.0,0.15,,0.9,0.0611111111111111
4F-QUOTE-056,4Forums,quote,evolution,P1,0.1,0.0,0.2,,0.9,0.08888888888888889
4F-QUOTE-056,4Forums,quote,evolution,P2,0.1,0.0,0.3,,0.8,0.1222222222222222
4F-QUOTE-057,4Forums,quote,evolution,P0,0.86,0.92,0.88,,0.06,0.8933333333333333
4F-QUOTE-057,4Forums,quote,evolution,P1,0.5,0.5,0.5,,0.1,0.5444444444444445
4F-QUOTE-057,4Forums,quote,evolution,P2,0.7,0.6,0.7,,0.0,0.7
4F-QUOTE-058,4Forums,quote,gay_marriage,P0,0.74,0.18,0.32,,0.16,0.47111111111111115
4F-QUOTE-058,4Forums,quote,gay_marriage,P1,0.5,0.2,0.45,,0.05,0.4388888888888889
4F-QUOTE-058,4Forums,quote,gay_marriage,P2,0.3,0.0,0.2,,0.1,0.24444444444444446
4F-QUOTE-059,4Forums,quote,gay_marriage,P0,0.82,0.58,0.74,,0.08,0.7333333333333333
4F-QUOTE-059,4Forums,quote,gay_marriage,P1,0.6,0.6,0.65,,0.1,0.6444444444444444
4F-QUOTE-059,4Forums,quote,gay_marriage,P2,0.5,0.5,0.6,,0.1,0.5666666666666667
4F-QUOTE-060,4Forums,quote,gay_marriage,P0,0.72,0.05,0.42,,0.22,0.43666666666666665
4F-QUOTE-060,4Forums,quote,gay_marriage,P1,0.5,0.05,0.4,,0.2,0.3611111111111111
4F-QUOTE-060,4Forums,quote,gay_marriage,P2,0.6,0.0,0.5,,0.0,0.4222222222222222
4F-QUOTE-061,4Forums,quote,gay_marriage,P0,0.55,0.88,0.16,,0.18,0.6033333333333335
4F-QUOTE-061,4Forums,quote,gay_marriage,P1,0.6,0.75,0.6,,0.1,0.6833333333333332
4F-QUOTE-061,4Forums,quote,gay_marriage,P2,0.6,0.8,0.5,,0.0,0.6888888888888889
4F-QUOTE-062,4Forums,quote,gay_marriage,P0,0.91,0.86,0.88,,0.04,0.8922222222222222
4F-QUOTE-062,4Forums,quote,gay_marriage,P1,0.8,0.75,0.8,,0.05,0.7999999999999999
4F-QUOTE-062,4Forums,quote,gay_marriage,P2,0.9,0.8,0.9,,0.0,0.8777777777777778
4F-QUOTE-063,4Forums,quote,gay_marriage,P0,0.0,0.0,0.0,,0.96,0.004444444444444448
4F-QUOTE-063,4Forums,quote,gay_marriage,P1,0.0,0.0,0.0,,0.9,0.01111111111111111
4F-QUOTE-063,4Forums,quote,gay_marriage,P2,0.0,0.0,0.0,,0.9,0.01111111111111111
4F-QUOTE-064,4Forums,quote,gay_marriage,P0,0.02,0.02,0.02,,0.93,0.02555555555555555
4F-QUOTE-064,4Forums,quote,gay_marriage,P1,0.05,0.05,0.05,,0.85,0.061111111111111116
4F-QUOTE-064,4Forums,quote,gay_marriage,P2,0.0,0.0,0.0,,0.9,0.01111111111111111
4F-QUOTE-065,4Forums,quote,gay_marriage,P0,0.92,0.65,0.88,,0.04,0.8255555555555555
4F-QUOTE-065,4Forums,quote,gay_marriage,P1,0.9,0.5,0.85,,0.05,0.7611111111111112
4F-QUOTE-065,4Forums,quote,gay_marriage,P2,0.85,0.5,0.8,,0.05,0.7333333333333334
4F-QUOTE-066,4Forums,quote,gay_marriage,P0,0.72,0.78,0.68,,0.28,0.731111111111111
4F-QUOTE-066,4Forums,quote,gay_marriage,P1,0.65,0.6,0.7,,0.35,0.6444444444444445
4F-QUOTE-066,4Forums,quote,gay_marriage,P2,0.45,0.6,0.55,,0.4,0.538888888888889
4F-QUOTE-067,4Forums,quote,gay_marriage,P0,0.12,0.08,0.08,,0.8,0.10666666666666666
4F-QUOTE-067,4Forums,quote,gay_marriage,P1,0.1,0.0,0.05,,0.8,0.06666666666666667
4F-QUOTE-067,4Forums,quote,gay_marriage,P2,0.0,0.0,0.0,,0.85,0.01666666666666667
4F-QUOTE-068,4Forums,quote,gay_marriage,P0,0.93,0.82,0.9,,0.03,0.8911111111111112
4F-QUOTE-068,4Forums,quote,gay_marriage,P1,0.9,0.8,0.8,,0.1,0.8444444444444444
4F-QUOTE-068,4Forums,quote,gay_marriage,P2,0.8,0.75,0.7,,0.05,0.7777777777777777
4F-QUOTE-069,4Forums,quote,gay_marriage,P0,0.9,0.75,0.9,,0.05,0.8555555555555555
4F-QUOTE-069,4Forums,quote,gay_marriage,P1,0.9,0.6,0.9,,0.05,0.8055555555555555
4F-QUOTE-069,4Forums,quote,gay_marriage,P2,0.9,0.4,0.9,,0.0,0.7444444444444445
4F-QUOTE-070,4Forums,quote,gay_marriage,P0,0.5,0.9,0.7,,0.12,0.72
4F-QUOTE-070,4Forums,quote,gay_marriage,P1,0.65,0.85,0.45,,0.1,0.7
4F-QUOTE-070,4Forums,quote,gay_marriage,P2,0.35,0.85,0.55,,0.1,0.6222222222222221
4F-QUOTE-071,4Forums,quote,gay_marriage,P0,0.55,0.88,0.45,,0.12,0.6744444444444444
4F-QUOTE-071,4Forums,quote,gay_marriage,P1,0.6,0.85,0.3,,0.15,0.6444444444444444
4F-QUOTE-071,4Forums,quote,gay_marriage,P2,0.35,0.8,0.45,,0.15,0.5777777777777778
4F-QUOTE-072,4Forums,quote,gay_marriage,P0,0.95,0.7,0.92,,0.02,0.8633333333333333
4F-QUOTE-072,4Forums,quote,gay_marriage,P1,0.95,0.7,0.9,,0.05,0.8555555555555555
4F-QUOTE-072,4Forums,quote,gay_marriage,P2,0.9,0.7,0.85,,0.0,0.8333333333333333
4F-QUOTE-073,4Forums,quote,gay_marriage,P0,0.7,0.05,0.8,,0.1,0.5277777777777778
4F-QUOTE-073,4Forums,quote,gay_marriage,P1,0.6,0.2,0.6,,0.25,0.48333333333333334
4F-QUOTE-073,4Forums,quote,gay_marriage,P2,0.6,0.35,0.7,,0.05,0.5777777777777776
4F-QUOTE-074,4Forums,quote,gay_marriage,P0,0.9,0.95,0.9,,0.03,0.9244444444444444
4F-QUOTE-074,4Forums,quote,gay_marriage,P1,0.95,0.9,0.9,,0.05,0.9222222222222222
4F-QUOTE-074,4Forums,quote,gay_marriage,P2,0.9,0.9,0.9,,0.0,0.9111111111111112
4F-QUOTE-075,4Forums,quote,gay_marriage,P0,0.95,0.85,0.9,,0.03,0.9077777777777778
4F-QUOTE-075,4Forums,quote,gay_marriage,P1,0.9,0.85,0.9,,0.05,0.888888888888889
4F-QUOTE-075,4Forums,quote,gay_marriage,P2,0.9,0.8,0.9,,0.0,0.8777777777777778
4F-QUOTE-076,4Forums,quote,gay_marriage,P0,0.6,0.65,0.45,,0.2,0.6055555555555556
4F-QUOTE-076,4Forums,quote,gay_marriage,P1,0.35,0.55,0.35,,0.6,0.4222222222222222
4F-QUOTE-076,4Forums,quote,gay_marriage,P2,0.45,0.6,0.5,,0.3,0.538888888888889
4F-QUOTE-077,4Forums,quote,gay_marriage,P0,0.65,0.05,0.0,,0.18,0.3244444444444445
4F-QUOTE-077,4Forums,quote,gay_marriage,P1,0.45,0.15,0.05,,0.15,0.3055555555555556
4F-QUOTE-077,4Forums,quote,gay_marriage,P2,0.45,0.1,0.05,,0.15,0.2888888888888889
4F-QUOTE-078,4Forums,quote,gay_marriage,P0,0.88,0.9,0.88,,0.04,0.8955555555555555
4F-QUOTE-078,4Forums,quote,gay_marriage,P1,0.9,0.85,0.9,,0.1,0.8833333333333333
4F-QUOTE-078,4Forums,quote,gay_marriage,P2,0.9,0.9,0.9,,0.0,0.9111111111111112
4F-QUOTE-079,4Forums,quote,gay_marriage,P0,0.55,0.15,0.2,,0.25,0.3611111111111111
4F-QUOTE-079,4Forums,quote,gay_marriage,P1,0.25,0.1,0.2,,0.45,0.22222222222222224
4F-QUOTE-079,4Forums,quote,gay_marriage,P2,0.5,0.15,0.25,,0.2,0.3611111111111111
4F-QUOTE-080,4Forums,quote,gay_marriage,P0,0.08,0.0,0.12,,0.85,0.06999999999999999
4F-QUOTE-080,4Forums,quote,gay_marriage,P1,0.1,0.0,0.2,,0.6,0.12222222222222223
4F-QUOTE-080,4Forums,quote,gay_marriage,P2,0.05,0.0,0.0,,0.8,0.03888888888888888
4F-QUOTE-081,4Forums,quote,gay_marriage,P0,0.55,0.5,0.45,,0.28,0.53
4F-QUOTE-081,4Forums,quote,gay_marriage,P1,0.55,0.5,0.5,,0.25,0.5444444444444445
4F-QUOTE-081,4Forums,quote,gay_marriage,P2,0.5,0.7,0.5,,0.2,0.6
4F-QUOTE-082,4Forums,quote,gay_marriage,P0,0.95,0.9,0.85,,0.03,0.9133333333333332
4F-QUOTE-082,4Forums,quote,gay_marriage,P1,0.85,0.75,0.85,,0.1,0.8222222222222222
4F-QUOTE-082,4Forums,quote,gay_marriage,P2,0.85,0.8,0.85,,0.05,0.8444444444444444
4F-QUOTE-083,4Forums,quote,gay_marriage,P0,0.4,0.12,0.22,,0.62,0.2644444444444445
4F-QUOTE-083,4Forums,quote,gay_marriage,P1,0.45,0.25,0.35,,0.3,0.3888888888888889
4F-QUOTE-083,4Forums,quote,gay_marriage,P2,0.55,0.15,0.55,,0.3,0.4333333333333334
4F-QUOTE-084,4Forums,quote,gay_marriage,P0,0.68,0.2,0.52,,0.24,0.49333333333333335
4F-QUOTE-084,4Forums,quote,gay_marriage,P1,0.4,0.15,0.35,,0.3,0.33888888888888885
4F-QUOTE-084,4Forums,quote,gay_marriage,P2,0.45,0.05,0.4,,0.35,0.32777777777777783
4F-QUOTE-085,4Forums,quote,gay_marriage,P0,0.92,0.88,0.9,,0.04,0.9066666666666667
4F-QUOTE-085,4Forums,quote,gay_marriage,P1,0.9,0.8,0.9,,0.1,0.8666666666666667
4F-QUOTE-085,4Forums,quote,gay_marriage,P2,0.9,0.85,0.9,,0.05,0.888888888888889
4F-QUOTE-086,4Forums,quote,gay_marriage,P0,0.95,0.8,0.9,,0.02,0.8922222222222221
4F-QUOTE-086,4Forums,quote,gay_marriage,P1,0.9,0.7,0.9,,0.05,0.8388888888888889
4F-QUOTE-086,4Forums,quote,gay_marriage,P2,0.9,0.65,0.9,,0.05,0.8222222222222222
4F-QUOTE-087,4Forums,quote,gay_marriage,P0,0.9,0.75,0.85,,0.05,0.8444444444444444
4F-QUOTE-087,4Forums,quote,gay_marriage,P1,0.85,0.7,0.9,,0.1,0.8166666666666667
4F-QUOTE-087,4Forums,quote,gay_marriage,P2,0.8,0.6,0.85,,0.1,0.7555555555555554
4F-QUOTE-088,4Forums,quote,gun_control,P0,0.95,0.85,0.88,,0.02,0.9044444444444445
4F-QUOTE-088,4Forums,quote,gun_control,P1,0.9,0.8,0.9,,0.05,0.8722222222222222
4F-QUOTE-088,4Forums,quote,gun_control,P2,0.9,0.8,0.85,,0.05,0.8611111111111112
4F-QUOTE-089,4Forums,quote,gun_control,P0,0.55,0.75,0.6,,0.2,0.6555555555555557
4F-QUOTE-089,4Forums,quote,gun_control,P1,0.5,0.6,0.5,,0.2,0.5666666666666667
4F-QUOTE-089,4Forums,quote,gun_control,P2,0.4,0.7,0.5,,0.1,0.5777777777777776
4F-QUOTE-090,4Forums,quote,gun_control,P0,0.82,0.75,0.75,,0.1,0.7899999999999999
4F-QUOTE-090,4Forums,quote,gun_control,P1,0.8,0.6,0.7,,0.1,0.7222222222222221
4F-QUOTE-090,4Forums,quote,gun_control,P2,0.8,0.7,0.7,,0.0,0.7666666666666666
4F-QUOTE-091,4Forums,quote,gun_control,P0,0.45,0.65,0.5,,0.3,0.5555555555555556
4F-QUOTE-091,4Forums,quote,gun_control,P1,0.4,0.5,0.2,,0.3,0.4222222222222223
4F-QUOTE-091,4Forums,quote,gun_control,P2,0.4,0.6,0.4,,0.2,0.5111111111111111
4F-QUOTE-092,4Forums,quote,gun_control,P0,0.88,0.45,0.75,,0.08,0.7122222222222222
4F-QUOTE-092,4Forums,quote,gun_control,P1,0.8,0.4,0.7,,0.05,0.6611111111111111
4F-QUOTE-092,4Forums,quote,gun_control,P2,0.8,0.4,0.8,,0.0,0.6888888888888889
4F-QUOTE-093,4Forums,quote,gun_control,P0,0.93,0.95,0.9,,0.05,0.9322222222222223
4F-QUOTE-093,4Forums,quote,gun_control,P1,0.9,0.9,0.9,,0.05,0.9055555555555556
4F-QUOTE-093,4Forums,quote,gun_control,P2,0.9,0.9,0.9,,0.0,0.9111111111111112
4F-QUOTE-094,4Forums,quote,gun_control,P0,0.2,0.12,0.08,,0.75,0.15222222222222223
4F-QUOTE-094,4Forums,quote,gun_control,P1,0.2,0.1,0.1,,0.5,0.17777777777777778
4F-QUOTE-094,4Forums,quote,gun_control,P2,0.2,0.1,0.1,,0.5,0.17777777777777778
4F-QUOTE-095,4Forums,quote,gun_control,P0,0.02,0.02,0.0,,0.95,0.018888888888888893
4F-QUOTE-095,4Forums,quote,gun_control,P1,0.0,0.1,0.0,,0.9,0.04444444444444444
4F-QUOTE-095,4Forums,quote,gun_control,P2,0.0,0.0,0.0,,0.9,0.01111111111111111
4F-QUOTE-096,4Forums,quote,gun_control,P0,0.72,0.8,0.6,,0.15,0.7344444444444443
4F-QUOTE-096,4Forums,quote,gun_control,P1,0.8,0.7,0.8,,0.1,0.7777777777777777
4F-QUOTE-096,4Forums,quote,gun_control,P2,0.8,0.8,0.8,,0.1,0.8111111111111111
4F-QUOTE-097,4Forums,quote,gun_control,P0,0.03,0.08,0.03,,0.9,0.05444444444444445
4F-QUOTE-097,4Forums,quote,gun_control,P1,0.0,0.0,0.0,,0.8,0.02222222222222222
4F-QUOTE-097,4Forums,quote,gun_control,P2,0.0,0.0,0.0,,0.85,0.01666666666666667
4F-QUOTE-098,4Forums,quote,gun_control,P0,0.9,0.8,0.9,,0.1,0.8666666666666667
4F-QUOTE-098,4Forums,quote,gun_control,P1,0.85,0.7,0.85,,0.1,0.8055555555555555
4F-QUOTE-098,4Forums,quote,gun_control,P2,0.9,0.6,0.9,,0.05,0.8055555555555555
4F-QUOTE-099,4Forums,quote,gun_control,P0,0.02,0.02,0.02,,0.96,0.022222222222222227
4F-QUOTE-099,4Forums,quote,gun_control,P1,0.0,0.0,0.0,,0.9,0.01111111111111111
4F-QUOTE-099,4Forums,quote,gun_control,P2,0.0,0.0,0.0,,0.95,0.00555555555555556
4F-QUOTE-100,4Forums,quote,gun_control,P0,0.72,0.68,0.7,,0.3,0.7
4F-QUOTE-100,4Forums,quote,gun_control,P1,0.7,0.7,0.7,,0.2,0.711111111111111
4F-QUOTE-100,4Forums,quote,gun_control,P2,0.8,0.85,0.85,,0.15,0.8333333333333333
4F-REPLY-001,4Forums,reply,abortion,P0,0.55,0.7,0.6,0.85,0.4,0.6399999999999999
4F-REPLY-001,4Forums,reply,abortion,P1,0.7,0.8,0.7,0.9,0.5,0.73
4F-REPLY-001,4Forums,reply,abortion,P2,0.45,0.7,0.6,0.9,0.5,0.605
4F-REPLY-002,4Forums,reply,abortion,P0,0.9,0.85,0.85,0.9,0.1,0.875
4F-REPLY-002,4Forums,reply,abortion,P1,0.9,0.8,0.9,0.9,0.1,0.87
4F-REPLY-002,4Forums,reply,abortion,P2,0.9,0.8,0.8,0.85,0.1,0.845
4F-REPLY-003,4Forums,reply,abortion,P0,0.95,0.9,0.9,0.95,0.05,0.9249999999999999
4F-REPLY-003,4Forums,reply,abortion,P1,0.9,0.8,0.9,0.9,0.1,0.87
4F-REPLY-003,4Forums,reply,abortion,P2,0.85,0.85,0.8,0.9,0.05,0.855
4F-REPLY-004,4Forums,reply,abortion,P0,0.7,0.6,0.8,0.8,0.15,0.7150000000000001
4F-REPLY-004,4Forums,reply,abortion,P1,0.4,0.3,0.5,0.2,0.2,0.41000000000000003
4F-REPLY-004,4Forums,reply,abortion,P2,0.6,0.5,0.6,0.6,0.1,0.6
4F-REPLY-005,4Forums,reply,abortion,P0,0.95,0.8,0.95,0.9,0.05,0.8999999999999998
4F-REPLY-005,4Forums,reply,abortion,P1,0.95,0.8,0.9,0.9,0.05,0.8899999999999999
4F-REPLY-005,4Forums,reply,abortion,P2,0.9,0.7,0.9,0.85,0.05,0.84
4F-REPLY-006,4Forums,reply,abortion,P0,0.0,0.0,0.0,0.2,0.9,0.030000000000000002
4F-REPLY-006,4Forums,reply,abortion,P1,0.0,0.0,0.0,0.0,0.9,0.009999999999999998
4F-REPLY-006,4Forums,reply,abortion,P2,0.0,0.0,0.0,0.1,0.8,0.03
4F-REPLY-007,4Forums,reply,abortion,P0,0.1,0.05,0.0,0.5,0.85,0.11
4F-REPLY-007,4Forums,reply,abortion,P1,0.05,0.05,0.05,0.4,0.8,0.1
4F-REPLY-007,4Forums,reply,abortion,P2,0.05,0.05,0.0,0.4,0.8,0.09
4F-REPLY-008,4Forums,reply,abortion,P0,0.0,0.0,0.0,0.25,0.9,0.035
4F-REPLY-008,4Forums,reply,abortion,P1,0.0,0.0,0.0,0.1,0.9,0.02
4F-REPLY-008,4Forums,reply,abortion,P2,0.0,0.0,0.0,0.2,0.9,0.030000000000000002
4F-REPLY-009,4Forums,reply,abortion,P0,0.62,0.78,0.55,0.92,0.12,0.71
4F-REPLY-009,4Forums,reply,abortion,P1,0.7,0.7,0.6,0.9,0.1,0.72
4F-REPLY-009,4Forums,reply,abortion,P2,0.55,0.75,0.35,0.9,0.1,0.64
4F-REPLY-010,4Forums,reply,abortion,P0,0.85,0.55,0.9,0.88,0.08,0.78
4F-REPLY-010,4Forums,reply,abortion,P1,0.8,0.6,0.9,0.9,0.1,0.7799999999999999
4F-REPLY-010,4Forums,reply,abortion,P2,0.85,0.55,0.9,0.85,0.05,0.78
4F-REPLY-011,4Forums,reply,abortion,P0,0.9,0.88,0.85,0.95,0.05,0.894
4F-REPLY-011,4Forums,reply,abortion,P1,0.9,0.8,0.8,1.0,0.05,0.865
4F-REPLY-011,4Forums,reply,abortion,P2,0.9,0.85,0.75,0.95,0.0,0.87
4F-REPLY-012,4Forums,reply,abortion,P0,0.05,0.05,0.08,0.5,0.75,0.121
4F-REPLY-012,4Forums,reply,abortion,P1,0.1,0.2,0.2,0.7,0.7,0.23
4F-REPLY-012,4Forums,reply,abortion,P2,0.5,0.25,0.6,0.55,0.15,0.485
4F-REPLY-013,4Forums,reply,abortion,P0,0.05,0.05,0.15,0.7,0.85,0.14500000000000002
4F-REPLY-013,4Forums,reply,abortion,P1,0.1,0.05,0.3,0.6,0.6,0.205
4F-REPLY-013,4Forums,reply,abortion,P2,0.15,0.1,0.25,0.7,0.65,0.23
4F-REPLY-014,4Forums,reply,abortion,P0,0.95,0.8,0.88,0.95,0.05,0.8909999999999999
4F-REPLY-014,4Forums,reply,abortion,P1,0.9,0.8,0.9,1.0,0.05,0.885
4F-REPLY-014,4Forums,reply,abortion,P2,0.9,0.7,0.85,0.9,0.05,0.835
4F-REPLY-015,4Forums,reply,abortion,P0,0.82,0.88,0.82,0.85,0.1,0.849
4F-REPLY-015,4Forums,reply,abortion,P1,0.8,0.8,0.8,0.9,0.1,0.82
4F-REPLY-015,4Forums,reply,abortion,P2,0.7,0.85,0.7,0.8,0.1,0.775
4F-REPLY-016,4Forums,reply,abortion,P0,0.95,0.78,0.85,0.95,0.05,0.8789999999999999
4F-REPLY-016,4Forums,reply,abortion,P1,0.9,0.8,0.9,1.0,0.05,0.885
4F-REPLY-016,4Forums,reply,abortion,P2,0.95,0.65,0.65,0.85,0.0,0.7949999999999999
4F-REPLY-017,4Forums,reply,abortion,P0,0.75,0.8,0.8,0.7,0.15,0.7799999999999999
4F-REPLY-017,4Forums,reply,abortion,P1,0.1,0.2,0.3,0.15,0.65,0.19999999999999998
4F-REPLY-017,4Forums,reply,abortion,P2,0.6,0.65,0.6,0.7,0.15,0.6499999999999999
4F-REPLY-018,4Forums,reply,abortion,P0,0.85,0.75,0.8,0.95,0.1,0.825
4F-REPLY-018,4Forums,reply,abortion,P1,0.85,0.7,0.65,0.95,0.05,0.7849999999999999
4F-REPLY-018,4Forums,reply,abortion,P2,0.7,0.7,0.6,0.9,0.05,0.725
4F-REPLY-019,4Forums,reply,abortion,P0,0.0,0.0,0.0,0.8,0.75,0.10500000000000001
4F-REPLY-019,4Forums,reply,abortion,P1,0.0,0.0,0.0,0.9,0.8,0.11000000000000001
4F-REPLY-019,4Forums,reply,abortion,P2,0.0,0.0,0.0,0.9,0.85,0.10500000000000001
4F-REPLY-020,4Forums,reply,abortion,P0,0.85,0.8,0.85,0.95,0.1,0.85
4F-REPLY-020,4Forums,reply,abortion,P1,0.9,0.75,0.85,0.95,0.05,0.855
4F-REPLY-020,4Forums,reply,abortion,P2,0.8,0.7,0.8,0.9,0.05,0.7949999999999999
4F-REPLY-021,4Forums,reply,abortion,P0,0.1,0.35,0.2,0.25,0.6,0.24000000000000002
4F-REPLY-021,4Forums,reply,abortion,P1,0.2,0.35,0.2,0.25,0.6,0.27
4F-REPLY-021,4Forums,reply,abortion,P2,0.1,0.2,0.1,0.2,0.7,0.16
4F-REPLY-022,4Forums,reply,abortion,P0,0.55,0.15,0.5,0.9,0.2,0.4800000000000001
4F-REPLY-022,4Forums,reply,abortion,P1,0.7,0.4,0.6,0.95,0.1,0.6349999999999999
4F-REPLY-022,4Forums,reply,abortion,P2,0.6,0.2,0.5,0.9,0.05,0.525
4F-REPLY-023,4Forums,reply,abortion,P0,0.3,0.25,0.45,0.85,0.6,0.38
4F-REPLY-023,4Forums,reply,abortion,P1,0.2,0.35,0.25,0.9,0.7,0.335
4F-REPLY-023,4Forums,reply,abortion,P2,0.1,0.2,0.2,0.8,0.7,0.24000000000000002
4F-REPLY-024,4Forums,reply,abortion,P0,0.7,0.85,0.6,0.8,0.15,0.75
4F-REPLY-024,4Forums,reply,abortion,P1,0.7,0.9,0.7,0.8,0.1,0.7899999999999999
4F-REPLY-024,4Forums,reply,abortion,P2,0.5,0.6,0.5,0.9,0.15,0.6049999999999999
4F-REPLY-025,4Forums,reply,abortion,P0,0.85,0.65,0.85,0.9,0.1,0.7999999999999999
4F-REPLY-025,4Forums,reply,abortion,P1,0.85,0.45,0.85,0.9,0.05,0.745
4F-REPLY-025,4Forums,reply,abortion,P2,0.85,0.6,0.85,0.9,0.05,0.7899999999999999
4F-REPLY-026,4Forums,reply,abortion,P0,0.55,0.5,0.65,0.85,0.35,0.595
4F-REPLY-026,4Forums,reply,abortion,P1,0.5,0.4,0.5,0.9,0.55,0.505
4F-REPLY-026,4Forums,reply,abortion,P2,0.6,0.7,0.65,0.85,0.6,0.645
4F-REPLY-027,4Forums,reply,abortion,P0,0.6,0.85,0.2,0.9,0.15,0.6499999999999999
4F-REPLY-027,4Forums,reply,abortion,P1,0.4,0.8,0.25,0.95,0.15,0.59
4F-REPLY-027,4Forums,reply,abortion,P2,0.4,0.9,0.3,0.9,0.15,0.625
4F-REPLY-028,4Forums,reply,abortion,P0,0.9,0.85,0.9,0.95,0.05,0.895
4F-REPLY-028,4Forums,reply,abortion,P1,0.9,0.85,0.9,0.95,0.05,0.895
4F-REPLY-028,4Forums,reply,abortion,P2,0.9,0.85,0.9,0.95,0.05,0.895
4F-REPLY-029,4Forums,reply,abortion,P0,0.5,0.7,0.6,0.9,0.35,0.635
4F-REPLY-029,4Forums,reply,abortion,P1,0.45,0.6,0.55,0.9,0.45,0.5700000000000001
4F-REPLY-029,4Forums,reply,abortion,P2,0.6,0.7,0.7,0.9,0.5,0.67
4F-REPLY-030,4Forums,reply,abortion,P0,0.9,0.8,0.9,0.9,0.05,0.875
4F-REPLY-030,4Forums,reply,abortion,P1,0.75,0.6,0.8,0.9,0.3,0.7249999999999999
4F-REPLY-030,4Forums,reply,abortion,P2,0.9,0.7,0.9,0.85,0.3,0.815
4F-REPLY-031,4Forums,reply,abortion,P0,0.95,0.85,0.9,0.95,0.05,0.91
4F-REPLY-031,4Forums,reply,abortion,P1,0.9,0.65,0.85,0.95,0.05,0.825
4F-REPLY-031,4Forums,reply,abortion,P2,0.9,0.7,0.85,0.9,0.05,0.835
4F-REPLY-032,4Forums,reply,abortion,P0,0.5,0.75,0.5,0.85,0.35,0.625
4F-REPLY-032,4Forums,reply,abortion,P1,0.4,0.65,0.6,0.9,0.6,0.5650000000000001
4F-REPLY-032,4Forums,reply,abortion,P2,0.5,0.7,0.5,0.9,0.6,0.59
4F-REPLY-033,4Forums,reply,abortion,P0,0.6,0.55,0.72,0.65,0.22,0.6320000000000001
4F-REPLY-033,4Forums,reply,abortion,P1,0.7,0.7,0.8,0.8,0.1,0.7500000000000001
4F-REPLY-033,4Forums,reply,abortion,P2,0.75,0.7,0.75,0.7,0.15,0.7399999999999999
4F-REPLY-034,4Forums,reply,evolution,P0,0.5,0.15,0.3,0.82,0.2,0.41700000000000004
4F-REPLY-034,4Forums,reply,evolution,P1,0.45,0.35,0.5,0.85,0.1,0.515
4F-REPLY-034,4Forums,reply,evolution,P2,0.5,0.2,0.6,0.8,0.1,0.5
4F-REPLY-035,4Forums,reply,evolution,P0,0.9,0.85,0.8,0.95,0.05,0.875
4F-REPLY-035,4Forums,reply,evolution,P1,0.95,0.9,0.9,0.95,0.05,0.9249999999999999
4F-REPLY-035,4Forums,reply,evolution,P2,0.95,0.9,0.85,0.95,0.0,0.9199999999999999
4F-REPLY-036,4Forums,reply,evolution,P0,0.58,0.15,0.68,0.82,0.12,0.525
4F-REPLY-036,4Forums,reply,evolution,P1,0.75,0.6,0.85,0.85,0.1,0.7499999999999999
4F-REPLY-036,4Forums,reply,evolution,P2,0.7,0.3,0.8,0.8,0.1,0.63
4F-REPLY-037,4Forums,reply,evolution,P0,0.5,0.65,0.3,0.88,0.35,0.558
4F-REPLY-037,4Forums,reply,evolution,P1,0.25,0.75,0.6,0.95,0.25,0.5900000000000001
4F-REPLY-037,4Forums,reply,evolution,P2,0.35,0.65,0.3,0.9,0.6,0.49
4F-REPLY-038,4Forums,reply,evolution,P0,0.68,0.5,0.7,0.85,0.18,0.661
4F-REPLY-038,4Forums,reply,evolution,P1,0.55,0.5,0.7,0.9,0.35,0.6099999999999999
4F-REPLY-038,4Forums,reply,evolution,P2,0.55,0.4,0.7,0.9,0.25,0.5900000000000001
4F-REPLY-039,4Forums,reply,evolution,P0,0.3,0.2,0.15,0.6,0.75,0.265
4F-REPLY-039,4Forums,reply,evolution,P1,0.35,0.5,0.5,0.9,0.7,0.47500000000000003
4F-REPLY-039,4Forums,reply,evolution,P2,0.05,0.2,0.15,0.9,0.85,0.21000000000000002
4F-REPLY-040,4Forums,reply,evolution,P0,0.82,0.7,0.65,0.92,0.08,0.7699999999999999
4F-REPLY-040,4Forums,reply,evolution,P1,0.85,0.85,0.8,0.95,0.15,0.85
4F-REPLY-040,4Forums,reply,evolution,P2,0.85,0.8,0.75,0.85,0.05,0.825
4F-REPLY-041,4Forums,reply,evolution,P0,0.75,0.65,0.7,0.85,0.1,0.7349999999999999
4F-REPLY-041,4Forums,reply,evolution,P1,0.6,0.8,0.4,0.9,0.1,0.6799999999999999
4F-REPLY-041,4Forums,reply,evolution,P2,0.7,0.8,0.6,0.9,0.1,0.7499999999999999
4F-REPLY-042,4Forums,reply,evolution,P0,0.35,0.55,0.5,0.3,0.45,0.455
4F-REPLY-042,4Forums,reply,evolution,P1,0.2,0.4,0.3,0.4,0.1,0.37000000000000005
4F-REPLY-042,4Forums,reply,evolution,P2,0.2,0.3,0.3,0.3,0.5,0.29
4F-REPLY-043,4Forums,reply,evolution,P0,0.15,0.1,0.2,0.2,0.75,0.16
4F-REPLY-043,4Forums,reply,evolution,P1,0.1,0.1,0.2,0.2,0.7,0.15000000000000002
4F-REPLY-043,4Forums,reply,evolution,P2,0.0,0.0,0.0,0.2,0.9,0.030000000000000002
4F-REPLY-044,4Forums,reply,evolution,P0,0.9,0.9,0.9,0.95,0.05,0.91
4F-REPLY-044,4Forums,reply,evolution,P1,0.9,0.9,0.9,0.95,0.1,0.905
4F-REPLY-044,4Forums,reply,evolution,P2,0.8,0.9,0.8,0.9,0.1,0.85
4F-REPLY-045,4Forums,reply,evolution,P0,0.55,0.75,0.6,0.8,0.2,0.6700000000000002
4F-REPLY-045,4Forums,reply,evolution,P1,0.3,0.7,0.3,0.9,0.4,0.51
4F-REPLY-045,4Forums,reply,evolution,P2,0.3,0.7,0.4,0.9,0.3,0.54
4F-REPLY-046,4Forums,reply,evolution,P0,0.85,0.85,0.75,0.9,0.1,0.84
4F-REPLY-046,4Forums,reply,evolution,P1,0.8,0.8,0.7,0.9,0.1,0.7999999999999999
4F-REPLY-046,4Forums,reply,evolution,P2,0.7,0.8,0.6,0.9,0.2,0.74
4F-REPLY-047,4Forums,reply,evolution,P0,0.9,0.9,0.85,0.95,0.05,0.9
4F-REPLY-047,4Forums,reply,evolution,P1,0.9,0.9,0.9,0.95,0.05,0.91
4F-REPLY-047,4Forums,reply,evolution,P2,0.9,0.8,0.8,1.0,0.05,0.865
4F-REPLY-048,4Forums,reply,evolution,P0,0.4,0.2,0.6,0.45,0.35,0.41
4F-REPLY-048,4Forums,reply,evolution,P1,0.4,0.2,0.8,0.5,0.3,0.46
4F-REPLY-048,4Forums,reply,evolution,P2,0.2,0.0,0.3,0.3,0.5,0.2
4F-REPLY-049,4Forums,reply,evolution,P0,0.85,0.55,0.78,0.95,0.12,0.759
4F-REPLY-049,4Forums,reply,evolution,P1,0.8,0.3,0.7,1.0,0.2,0.6499999999999999
4F-REPLY-049,4Forums,reply,evolution,P2,0.7,0.3,0.6,0.9,0.1,0.6
4F-REPLY-050,4Forums,reply,evolution,P0,0.05,0.05,0.12,0.6,0.88,0.126
4F-REPLY-050,4Forums,reply,evolution,P1,0.2,0.1,0.2,0.9,0.6,0.26
4F-REPLY-050,4Forums,reply,evolution,P2,0.1,0.0,0.1,0.8,0.8,0.15
4F-REPLY-051,4Forums,reply,evolution,P0,0.7,0.88,0.88,0.6,0.08,0.8019999999999999
4F-REPLY-051,4Forums,reply,evolution,P1,0.7,0.5,0.9,0.5,0.05,0.685
4F-REPLY-051,4Forums,reply,evolution,P2,0.7,0.6,0.8,0.6,0.1,0.7000000000000001
4F-REPLY-052,4Forums,reply,evolution,P0,0.02,0.02,0.05,0.85,0.9,0.117
4F-REPLY-052,4Forums,reply,evolution,P1,0.0,0.0,0.1,0.95,0.95,0.12000000000000001
4F-REPLY-052,4Forums,reply,evolution,P2,0.0,0.0,0.0,0.9,0.9,0.1
4F-REPLY-053,4Forums,reply,evolution,P0,0.6,0.75,0.82,0.8,0.12,0.737
4F-REPLY-053,4Forums,reply,evolution,P1,0.8,0.5,0.9,0.7,0.05,0.735
4F-REPLY-053,4Forums,reply,evolution,P2,0.6,0.7,0.8,0.8,0.1,0.7200000000000001
4F-REPLY-054,4Forums,reply,evolution,P0,0.9,0.82,0.9,0.95,0.05,0.886
4F-REPLY-054,4Forums,reply,evolution,P1,0.8,0.6,0.9,0.6,0.05,0.7549999999999999
4F-REPLY-054,4Forums,reply,evolution,P2,0.9,0.8,0.9,0.8,0.05,0.865
4F-REPLY-055,4Forums,reply,evolution,P0,0.48,0.55,0.55,0.85,0.38,0.5660000000000001
4F-REPLY-055,4Forums,reply,evolution,P1,0.3,0.2,0.5,0.9,0.6,0.38
4F-REPLY-055,4Forums,reply,evolution,P2,0.15,0.0,0.0,0.9,0.8,0.155
4F-REPLY-056,4Forums,reply,evolution,P0,0.88,0.88,0.82,0.92,0.08,0.876
4F-REPLY-056,4Forums,reply,evolution,P1,0.8,0.8,0.6,0.9,0.1,0.7799999999999999
4F-REPLY-056,4Forums,reply,evolution,P2,0.8,0.8,0.8,0.9,0.1,0.82
4F-REPLY-057,4Forums,reply,evolution,P0,0.95,0.9,0.95,0.95,0.05,0.9349999999999998
4F-REPLY-057,4Forums,reply,evolution,P1,0.95,0.9,0.95,0.95,0.05,0.9349999999999998
4F-REPLY-057,4Forums,reply,evolution,P2,0.95,0.9,0.9,0.95,0.05,0.9249999999999999
4F-REPLY-058,4Forums,reply,gay_marriage,P0,0.75,0.7,0.85,0.8,0.1,0.775
4F-REPLY-058,4Forums,reply,gay_marriage,P1,0.55,0.6,0.7,0.65,0.15,0.635
4F-REPLY-058,4Forums,reply,gay_marriage,P2,0.75,0.65,0.75,0.85,0.1,0.745
4F-REPLY-059,4Forums,reply,gay_marriage,P0,0.65,0.9,0.3,0.9,0.15,0.7
4F-REPLY-059,4Forums,reply,gay_marriage,P1,0.45,0.85,0.1,0.7,0.25,0.555
4F-REPLY-059,4Forums,reply,gay_marriage,P2,0.65,0.8,0.25,0.9,0.45,0.63
4F-REPLY-060,4Forums,reply,gay_marriage,P0,0.85,0.7,0.85,0.9,0.1,0.815
4F-REPLY-060,4Forums,reply,gay_marriage,P1,0.85,0.65,0.8,0.9,0.1,0.79
4F-REPLY-060,4Forums,reply,gay_marriage,P2,0.9,0.8,0.85,0.95,0.05,0.87
4F-REPLY-061,4Forums,reply,gay_marriage,P0,0.95,0.85,0.95,0.95,0.1,0.9149999999999999
4F-REPLY-061,4Forums,reply,gay_marriage,P1,0.95,0.9,0.95,0.95,0.05,0.9349999999999998
4F-REPLY-061,4Forums,reply,gay_marriage,P2,0.95,0.85,0.9,0.95,0.1,0.905
4F-REPLY-062,4Forums,reply,gay_marriage,P0,0.7,0.75,0.6,0.9,0.1,0.7349999999999999
4F-REPLY-062,4Forums,reply,gay_marriage,P1,0.55,0.75,0.55,0.75,0.1,0.6649999999999999
4F-REPLY-062,4Forums,reply,gay_marriage,P2,0.8,0.6,0.55,0.9,0.05,0.715
4F-REPLY-063,4Forums,reply,gay_marriage,P0,0.0,0.0,0.0,0.8,1.0,0.08000000000000002
4F-REPLY-063,4Forums,reply,gay_marriage,P1,0.0,0.0,0.0,0.45,0.95,0.05000000000000001
4F-REPLY-063,4Forums,reply,gay_marriage,P2,0.0,0.0,0.0,0.2,0.95,0.02500000000000001
4F-REPLY-064,4Forums,reply,gay_marriage,P0,0.7,0.85,0.75,0.9,0.2,0.7849999999999999
4F-REPLY-064,4Forums,reply,gay_marriage,P1,0.7,0.85,0.75,0.85,0.2,0.78
4F-REPLY-064,4Forums,reply,gay_marriage,P2,0.75,0.85,0.7,0.9,0.2,0.79
4F-REPLY-065,4Forums,reply,gay_marriage,P0,0.95,0.7,0.85,0.9,0.08,0.847
4F-REPLY-065,4Forums,reply,gay_marriage,P1,0.9,0.6,0.8,0.9,0.1,0.79
4F-REPLY-065,4Forums,reply,gay_marriage,P2,0.95,0.75,0.95,0.9,0.05,0.8849999999999999
4F-REPLY-066,4Forums,reply,gay_marriage,P0,0.05,0.05,0.0,0.45,0.85,0.09000000000000001
4F-REPLY-066,4Forums,reply,gay_marriage,P1,0.0,0.0,0.0,0.5,0.85,0.065
4F-REPLY-066,4Forums,reply,gay_marriage,P2,0.0,0.0,0.0,0.7,0.9,0.07999999999999999
4F-REPLY-067,4Forums,reply,gay_marriage,P0,0.85,0.35,0.8,0.9,0.1,0.7
4F-REPLY-067,4Forums,reply,gay_marriage,P1,0.8,0.3,0.7,0.8,0.2,0.6300000000000001
4F-REPLY-067,4Forums,reply,gay_marriage,P2,0.8,0.4,0.8,0.9,0.2,0.69
4F-REPLY-068,4Forums,reply,gay_marriage,P0,0.0,0.0,0.0,0.9,0.9,0.1
4F-REPLY-068,4Forums,reply,gay_marriage,P1,0.0,0.0,0.0,0.9,0.9,0.1
4F-REPLY-068,4Forums,reply,gay_marriage,P2,0.0,0.0,0.0,0.8,0.9,0.09000000000000001
4F-REPLY-069,4Forums,reply,gay_marriage,P0,0.45,0.35,0.6,0.8,0.45,0.495
4F-REPLY-069,4Forums,reply,gay_marriage,P1,0.4,0.5,0.4,0.8,0.5,0.48000000000000004
4F-REPLY-069,4Forums,reply,gay_marriage,P2,0.35,0.55,0.55,0.85,0.65,0.5
4F-REPLY-070,4Forums,reply,gay_marriage,P0,0.8,0.1,0.7,0.85,0.1,0.5850000000000001
4F-REPLY-070,4Forums,reply,gay_marriage,P1,0.9,0.2,0.8,0.9,0.1,0.67
4F-REPLY-070,4Forums,reply,gay_marriage,P2,0.9,0.5,0.85,0.9,0.05,0.775
4F-REPLY-071,4Forums,reply,gay_marriage,P0,0.0,0.0,0.0,0.8,0.9,0.09000000000000001
4F-REPLY-071,4Forums,reply,gay_marriage,P1,0.0,0.0,0.0,0.8,0.9,0.09000000000000001
4F-REPLY-071,4Forums,reply,gay_marriage,P2,0.0,0.0,0.0,0.9,0.95,0.09500000000000001
4F-REPLY-072,4Forums,reply,gay_marriage,P0,0.7,0.55,0.15,0.9,0.15,0.5800000000000001
4F-REPLY-072,4Forums,reply,gay_marriage,P1,0.7,0.5,0.6,0.9,0.2,0.6499999999999999
4F-REPLY-072,4Forums,reply,gay_marriage,P2,0.7,0.8,0.5,0.9,0.1,0.7299999999999999
4F-REPLY-073,4Forums,reply,gay_marriage,P0,0.05,0.0,0.1,0.05,0.7,0.07
4F-REPLY-073,4Forums,reply,gay_marriage,P1,0.0,0.0,0.0,0.1,0.7,0.04000000000000001
4F-REPLY-073,4Forums,reply,gay_marriage,P2,0.0,0.0,0.0,0.05,0.85,0.020000000000000004
4F-REPLY-074,4Forums,reply,gay_marriage,P0,0.9,0.85,0.85,0.95,0.05,0.885
4F-REPLY-074,4Forums,reply,gay_marriage,P1,0.9,0.9,0.9,0.95,0.05,0.91
4F-REPLY-074,4Forums,reply,gay_marriage,P2,0.95,0.9,0.95,0.95,0.05,0.9349999999999998
4F-REPLY-075,4Forums,reply,gay_marriage,P0,0.9,0.85,0.85,0.95,0.05,0.885
4F-REPLY-075,4Forums,reply,gay_marriage,P1,0.9,0.8,0.85,0.9,0.05,0.865
4F-REPLY-075,4Forums,reply,gay_marriage,P2,0.95,0.85,0.9,0.9,0.05,0.905
4F-REPLY-076,4Forums,reply,gay_marriage,P0,0.85,0.8,0.85,0.7,0.05,0.83
4F-REPLY-076,4Forums,reply,gay_marriage,P1,0.8,0.7,0.75,0.45,0.05,0.74
4F-REPLY-076,4Forums,reply,gay_marriage,P2,0.9,0.8,0.85,0.75,0.05,0.8500000000000001
4F-REPLY-077,4Forums,reply,gay_marriage,P0,0.0,0.0,0.0,0.9,0.95,0.09500000000000001
4F-REPLY-077,4Forums,reply,gay_marriage,P1,0.0,0.0,0.0,0.9,0.95,0.09500000000000001
4F-REPLY-077,4Forums,reply,gay_marriage,P2,0.0,0.0,0.0,0.9,0.95,0.09500000000000001
4F-REPLY-078,4Forums,reply,gay_marriage,P0,0.95,0.9,0.9,0.95,0.05,0.9249999999999999
4F-REPLY-078,4Forums,reply,gay_marriage,P1,0.9,0.85,0.9,0.95,0.05,0.895
4F-REPLY-078,4Forums,reply,gay_marriage,P2,0.95,0.9,0.95,0.95,0.0,0.9399999999999998
4F-REPLY-079,4Forums,reply,gay_marriage,P0,0.8,0.85,0.5,0.8,0.15,0.76
4F-REPLY-079,4Forums,reply,gay_marriage,P1,0.4,0.65,0.4,0.3,0.2,0.5050000000000001
4F-REPLY-079,4Forums,reply,gay_marriage,P2,0.85,0.9,0.75,0.8,0.05,0.8500000000000001
4F-REPLY-080,4Forums,reply,gay_marriage,P0,0.7,0.9,0.85,0.95,0.1,0.835
4F-REPLY-080,4Forums,reply,gay_marriage,P1,0.75,0.9,0.85,0.95,0.05,0.855
4F-REPLY-080,4Forums,reply,gay_marriage,P2,0.85,0.95,0.9,0.95,0.05,0.91
4F-REPLY-081,4Forums,reply,gay_marriage,P0,0.85,0.8,0.8,0.95,0.1,0.84
4F-REPLY-081,4Forums,reply,gay_marriage,P1,0.65,0.7,0.7,0.95,0.15,0.725
4F-REPLY-081,4Forums,reply,gay_marriage,P2,0.7,0.6,0.7,0.9,0.1,0.71
4F-REPLY-082,4Forums,reply,gay_marriage,P0,0.05,0.02,0.05,0.7,0.85,0.11599999999999999
4F-REPLY-082,4Forums,reply,gay_marriage,P1,0.45,0.15,0.45,0.85,0.2,0.43500000000000005
4F-REPLY-082,4Forums,reply,gay_marriage,P2,0.3,0.0,0.2,0.6,0.1,0.28
4F-REPLY-083,4Forums,reply,gay_marriage,P0,0.0,0.0,0.0,0.1,0.9,0.02
4F-REPLY-083,4Forums,reply,gay_marriage,P1,0.05,0.0,0.0,0.15,0.85,0.045
4F-REPLY-083,4Forums,reply,gay_marriage,P2,0.0,0.0,0.0,0.1,0.7,0.04000000000000001
4F-REPLY-084,4Forums,reply,gay_marriage,P0,0.1,0.05,0.15,0.35,0.8,0.12999999999999998
4F-REPLY-084,4Forums,reply,gay_marriage,P1,0.1,0.0,0.15,0.45,0.6,0.14500000000000002
4F-REPLY-084,4Forums,reply,gay_marriage,P2,0.0,0.0,0.1,0.2,0.6,0.08000000000000002
4F-REPLY-085,4Forums,reply,gay_marriage,P0,0.95,0.85,0.9,1.0,0.05,0.915
4F-REPLY-085,4Forums,reply,gay_marriage,P1,0.9,0.85,0.9,1.0,0.1,0.895
4F-REPLY-085,4Forums,reply,gay_marriage,P2,0.8,0.7,0.9,1.0,0.0,0.83
4F-REPLY-086,4Forums,reply,gun_control,P0,0.1,0.05,0.3,0.5,0.7,0.185
4F-REPLY-086,4Forums,reply,gun_control,P1,0.2,0.1,0.4,0.45,0.5,0.265
4F-REPLY-086,4Forums,reply,gun_control,P2,0.2,0.0,0.3,0.3,0.5,0.2
4F-REPLY-087,4Forums,reply,gun_control,P0,0.05,0.1,0.15,0.4,0.8,0.135
4F-REPLY-087,4Forums,reply,gun_control,P1,0.2,0.35,0.35,0.7,0.55,0.35
4F-REPLY-087,4Forums,reply,gun_control,P2,0.1,0.1,0.2,0.5,0.7,0.18000000000000002
4F-REPLY-088,4Forums,reply,gun_control,P0,0.5,0.4,0.8,0.9,0.15,0.605
4F-REPLY-088,4Forums,reply,gun_control,P1,0.55,0.65,0.7,0.9,0.1,0.6799999999999999
4F-REPLY-088,4Forums,reply,gun_control,P2,0.5,0.6,0.7,0.9,0.1,0.6499999999999999
4F-REPLY-089,4Forums,reply,gun_control,P0,0.1,0.05,0.05,0.55,0.65,0.14500000000000002
4F-REPLY-089,4Forums,reply,gun_control,P1,0.0,0.0,0.0,0.4,0.7,0.07
4F-REPLY-089,4Forums,reply,gun_control,P2,0.1,0.0,0.0,0.7,0.5,0.15
4F-REPLY-090,4Forums,reply,gun_control,P0,0.4,0.25,0.65,0.2,0.3,0.41500000000000004
4F-REPLY-090,4Forums,reply,gun_control,P1,0.5,0.4,0.7,0.2,0.1,0.52
4F-REPLY-090,4Forums,reply,gun_control,P2,0.4,0.6,0.7,0.5,0.1,0.58
4F-REPLY-091,4Forums,reply,gun_control,P0,0.05,0.05,0.1,0.05,0.85,0.07
4F-REPLY-091,4Forums,reply,gun_control,P1,0.2,0.3,0.5,0.2,0.2,0.35000000000000003
4F-REPLY-091,4Forums,reply,gun_control,P2,0.8,0.8,0.8,0.8,0.05,0.815
4F-REPLY-092,4Forums,reply,gun_control,P0,0.85,0.5,0.85,0.9,0.1,0.755
4F-REPLY-092,4Forums,reply,gun_control,P1,0.7,0.4,0.8,0.9,0.1,0.6699999999999999
4F-REPLY-092,4Forums,reply,gun_control,P2,0.9,0.3,0.9,0.9,0.0,0.73
4F-REPLY-093,4Forums,reply,gun_control,P0,0.0,0.0,0.0,0.05,0.8,0.024999999999999998
4F-REPLY-093,4Forums,reply,gun_control,P1,0.0,0.0,0.0,0.2,0.9,0.030000000000000002
4F-REPLY-093,4Forums,reply,gun_control,P2,0.0,0.0,0.0,0.1,0.9,0.02
4F-REPLY-094,4Forums,reply,gun_control,P0,0.95,0.9,0.85,0.95,0.05,0.9149999999999999
4F-REPLY-094,4Forums,reply,gun_control,P1,0.9,0.9,0.7,0.9,0.0,0.87
4F-REPLY-094,4Forums,reply,gun_control,P2,0.9,0.9,0.7,0.95,0.0,0.875
4F-REPLY-095,4Forums,reply,gun_control,P0,0.2,0.1,0.35,0.25,0.55,0.22999999999999998
4F-REPLY-095,4Forums,reply,gun_control,P1,0.4,0.1,0.6,0.3,0.2,0.38000000000000006
4F-REPLY-095,4Forums,reply,gun_control,P2,0.2,0.0,0.6,0.5,0.4,0.29
4F-REPLY-096,4Forums,reply,gun_control,P0,0.0,0.05,0.0,0.9,0.85,0.12000000000000001
4F-REPLY-096,4Forums,reply,gun_control,P1,0.0,0.0,0.0,0.9,0.8,0.11000000000000001
4F-REPLY-096,4Forums,reply,gun_control,P2,0.0,0.0,0.0,0.9,0.9,0.1
4F-REPLY-097,4Forums,reply,gun_control,P0,0.62,0.25,0.65,0.65,0.2,0.536
4F-REPLY-097,4Forums,reply,gun_control,P1,0.6,0.4,0.6,0.8,0.2,0.5800000000000001
4F-REPLY-097,4Forums,reply,gun_control,P2,0.6,0.25,0.7,0.9,0.1,0.5750000000000001
4F-REPLY-098,4Forums,reply,gun_control,P0,0.65,0.5,0.85,0.78,0.12,0.6809999999999999
4F-REPLY-098,4Forums,reply,gun_control,P1,0.85,0.8,0.85,0.9,0.1,0.845
4F-REPLY-098,4Forums,reply,gun_control,P2,0.7,0.5,0.8,0.7,0.1,0.6799999999999999
4F-REPLY-099,4Forums,reply,gun_control,P0,0.1,0.1,0.12,0.82,0.85,0.181
4F-REPLY-099,4Forums,reply,gun_control,P1,0.15,0.25,0.1,0.85,0.8,0.24500000000000002
4F-REPLY-099,4Forums,reply,gun_control,P2,0.15,0.3,0.2,0.8,0.8,0.275
4F-REPLY-100,4Forums,reply,gun_control,P0,0.55,0.15,0.7,0.85,0.2,0.515
4F-REPLY-100,4Forums,reply,gun_control,P1,0.35,0.05,0.5,0.9,0.2,0.39
4F-REPLY-100,4Forums,reply,gun_control,P2,0.55,0.3,0.7,0.9,0.1,0.5750000000000001
CD-REPLY-001,CreateDebate,reply,abortion,P0,0.3,0.15,0.65,0.8,0.55,0.39
CD-REPLY-001,CreateDebate,reply,abortion,P1,0.5,0.55,0.6,0.85,0.7,0.55
CD-REPLY-001,CreateDebate,reply,abortion,P2,0.5,0.5,0.7,0.9,0.75,0.5549999999999999
CD-REPLY-002,CreateDebate,reply,abortion,P0,0.7,0.75,0.85,0.45,0.1,0.74
CD-REPLY-002,CreateDebate,reply,abortion,P1,0.7,0.65,0.75,0.55,0.15,0.6950000000000001
CD-REPLY-002,CreateDebate,reply,abortion,P2,0.9,0.7,0.9,0.75,0.15,0.8200000000000001
CD-REPLY-003,CreateDebate,reply,abortion,P0,0.0,0.0,0.0,0.7,0.9,0.07999999999999999
CD-REPLY-003,CreateDebate,reply,abortion,P1,0.0,0.0,0.0,0.9,0.9,0.1
CD-REPLY-003,CreateDebate,reply,abortion,P2,0.0,0.0,0.0,0.8,0.9,0.09000000000000001
CD-REPLY-004,CreateDebate,reply,abortion,P0,0.6,0.8,0.8,0.95,0.15,0.76
CD-REPLY-004,CreateDebate,reply,abortion,P1,0.6,0.8,0.75,0.95,0.35,0.73
CD-REPLY-004,CreateDebate,reply,abortion,P2,0.7,0.8,0.7,0.95,0.25,0.76
CD-REPLY-005,CreateDebate,reply,abortion,P0,0.95,0.85,0.95,1.0,0.05,0.9249999999999999
CD-REPLY-005,CreateDebate,reply,abortion,P1,0.9,0.9,0.9,0.95,0.05,0.91
CD-REPLY-005,CreateDebate,reply,abortion,P2,0.95,0.9,0.9,0.98,0.05,0.9279999999999999
CD-REPLY-006,CreateDebate,reply,abortion,P0,0.1,0.1,0.15,0.6,0.8,0.16999999999999998
CD-REPLY-006,CreateDebate,reply,abortion,P1,0.1,0.35,0.3,0.8,0.8,0.29500000000000004
CD-REPLY-006,CreateDebate,reply,abortion,P2,0.1,0.3,0.2,0.9,0.8,0.27
CD-REPLY-007,CreateDebate,reply,abortion,P0,0.3,0.4,0.4,0.3,0.55,0.36500000000000005
CD-REPLY-007,CreateDebate,reply,abortion,P1,0.05,0.1,0.1,0.2,0.6,0.125
CD-REPLY-007,CreateDebate,reply,abortion,P2,0.4,0.4,0.6,0.3,0.5,0.44
CD-REPLY-008,CreateDebate,reply,abortion,P0,0.5,0.1,0.55,0.15,0.55,0.35000000000000003
CD-REPLY-008,CreateDebate,reply,abortion,P1,0.5,0.1,0.7,0.2,0.05,0.43499999999999994
CD-REPLY-008,CreateDebate,reply,abortion,P2,0.6,0.1,0.6,0.2,0.1,0.44
CD-REPLY-009,CreateDebate,reply,abortion,P0,0.95,0.9,0.9,0.95,0.05,0.9249999999999999
CD-REPLY-009,CreateDebate,reply,abortion,P1,0.95,0.85,0.95,0.95,0.05,0.9199999999999999
CD-REPLY-009,CreateDebate,reply,abortion,P2,0.9,0.8,0.9,0.95,0.05,0.88
CD-REPLY-010,CreateDebate,reply,abortion,P0,0.6,0.35,0.5,0.75,0.25,0.535
CD-REPLY-010,CreateDebate,reply,abortion,P1,0.75,0.2,0.75,0.85,0.05,0.615
CD-REPLY-010,CreateDebate,reply,abortion,P2,0.7,0.4,0.6,0.9,0.1,0.6299999999999999
CD-REPLY-011,CreateDebate,reply,abortion,P0,0.7,0.55,0.6,0.85,0.35,0.645
CD-REPLY-011,CreateDebate,reply,abortion,P1,0.6,0.5,0.6,0.9,0.3,0.6099999999999999
CD-REPLY-011,CreateDebate,reply,abortion,P2,0.6,0.6,0.4,0.9,0.2,0.6100000000000001
CD-REPLY-012,CreateDebate,reply,abortion,P0,0.95,0.9,0.9,0.95,0.05,0.9249999999999999
CD-REPLY-012,CreateDebate,reply,abortion,P1,0.9,0.85,0.9,0.9,0.05,0.89
CD-REPLY-012,CreateDebate,reply,abortion,P2,0.9,0.8,0.9,0.95,0.05,0.88
CD-REPLY-013,CreateDebate,reply,abortion,P0,0.9,0.8,0.85,0.9,0.08,0.862
CD-REPLY-013,CreateDebate,reply,abortion,P1,0.95,0.9,0.95,0.95,0.05,0.9349999999999998
CD-REPLY-013,CreateDebate,reply,abortion,P2,0.9,0.8,0.9,0.8,0.1,0.86
CD-REPLY-014,CreateDebate,reply,abortion,P0,0.65,0.45,0.85,0.5,0.2,0.6300000000000001
CD-REPLY-014,CreateDebate,reply,abortion,P1,0.7,0.3,0.85,0.5,0.2,0.6000000000000001
CD-REPLY-014,CreateDebate,reply,abortion,P2,0.5,0.2,0.7,0.3,0.1,0.47000000000000003
CD-REPLY-015,CreateDebate,reply,abortion,P0,0.95,0.85,0.9,0.95,0.05,0.91
CD-REPLY-015,CreateDebate,reply,abortion,P1,0.95,0.9,0.95,0.95,0.05,0.9349999999999998
CD-REPLY-015,CreateDebate,reply,abortion,P2,0.95,0.9,0.9,0.95,0.05,0.9249999999999999
CD-REPLY-016,CreateDebate,reply,abortion,P0,0.0,0.0,0.0,0.6,0.95,0.065
CD-REPLY-016,CreateDebate,reply,abortion,P1,0.05,0.05,0.05,0.8,0.9,0.13000000000000003
CD-REPLY-016,CreateDebate,reply,abortion,P2,0.0,0.0,0.0,0.4,0.9,0.05
CD-REPLY-017,CreateDebate,reply,abortion,P0,0.7,0.2,0.7,0.8,0.15,0.5750000000000001
CD-REPLY-017,CreateDebate,reply,abortion,P1,0.75,0.4,0.7,0.8,0.05,0.6599999999999999
CD-REPLY-017,CreateDebate,reply,abortion,P2,0.8,0.5,0.7,0.8,0.05,0.7050000000000001
CD-REPLY-018,CreateDebate,reply,abortion,P0,0.65,0.4,0.65,0.9,0.35,0.6000000000000001
CD-REPLY-018,CreateDebate,reply,abortion,P1,0.55,0.35,0.6,0.85,0.7,0.505
CD-REPLY-018,CreateDebate,reply,abortion,P2,0.6,0.2,0.6,0.8,0.7,0.47000000000000003
CD-REPLY-019,CreateDebate,reply,abortion,P0,0.6,0.6,0.75,0.85,0.25,0.6699999999999999
CD-REPLY-019,CreateDebate,reply,abortion,P1,0.6,0.7,0.7,0.9,0.3,0.69
CD-REPLY-019,CreateDebate,reply,abortion,P2,0.8,0.7,0.85,0.9,0.2,0.79
CD-REPLY-020,CreateDebate,reply,abortion,P0,0.45,0.3,0.1,0.9,0.2,0.41500000000000004
CD-REPLY-020,CreateDebate,reply,abortion,P1,0.45,0.25,0.1,0.95,0.15,0.4100000000000001
CD-REPLY-020,CreateDebate,reply,abortion,P2,0.5,0.1,0.0,0.6,0.3,0.31
CD-REPLY-021,CreateDebate,reply,abortion,P0,0.75,0.6,0.8,0.9,0.15,0.7399999999999999
CD-REPLY-021,CreateDebate,reply,abortion,P1,0.8,0.7,0.8,0.9,0.05,0.7949999999999999
CD-REPLY-021,CreateDebate,reply,abortion,P2,0.8,0.5,0.8,0.9,0.05,0.735
CD-REPLY-022,CreateDebate,reply,abortion,P0,0.85,0.5,0.85,0.9,0.1,0.755
CD-REPLY-022,CreateDebate,reply,abortion,P1,0.9,0.75,0.85,0.9,0.1,0.845
CD-REPLY-022,CreateDebate,reply,abortion,P2,0.9,0.6,0.9,0.9,0.2,0.8
CD-REPLY-023,CreateDebate,reply,abortion,P0,0.55,0.4,0.5,0.7,0.18,0.537
CD-REPLY-023,CreateDebate,reply,abortion,P1,0.4,0.8,0.3,0.8,0.1,0.59
CD-REPLY-023,CreateDebate,reply,abortion,P2,0.6,0.7,0.5,0.8,0.05,0.665
CD-REPLY-024,CreateDebate,reply,abortion,P0,0.6,0.25,0.6,0.6,0.15,0.52
CD-REPLY-024,CreateDebate,reply,abortion,P1,0.7,0.3,0.7,0.5,0.05,0.585
CD-REPLY-024,CreateDebate,reply,abortion,P2,0.7,0.2,0.7,0.5,0.1,0.55
CD-REPLY-025,CreateDebate,reply,abortion,P0,0.72,0.8,0.82,0.9,0.18,0.792
CD-REPLY-025,CreateDebate,reply,abortion,P1,0.85,0.9,0.85,0.95,0.1,0.88
CD-REPLY-025,CreateDebate,reply,abortion,P2,0.85,0.9,0.8,0.95,0.1,0.87
CD-REPLY-026,CreateDebate,reply,abortion,P0,0.65,0.25,0.8,0.7,0.3,0.57
CD-REPLY-026,CreateDebate,reply,abortion,P1,0.7,0.4,0.8,0.6,0.3,0.62
CD-REPLY-026,CreateDebate,reply,abortion,P2,0.75,0.3,0.85,0.4,0.4,0.585
CD-REPLY-027,CreateDebate,reply,abortion,P0,0.85,0.6,0.9,0.95,0.05,0.8049999999999999
CD-REPLY-027,CreateDebate,reply,abortion,P1,0.85,0.7,0.8,0.95,0.05,0.815
CD-REPLY-027,CreateDebate,reply,abortion,P2,0.9,0.6,0.8,0.9,0.1,0.79
CD-REPLY-028,CreateDebate,reply,abortion,P0,0.95,0.42,0.9,0.9,0.05,0.7759999999999999
CD-REPLY-028,CreateDebate,reply,abortion,P1,0.9,0.75,0.9,0.85,0.05,0.855
CD-REPLY-028,CreateDebate,reply,abortion,P2,0.95,0.3,0.85,0.7,0.05,0.71
CD-REPLY-029,CreateDebate,reply,abortion,P0,0.6,0.3,0.7,0.8,0.25,0.5650000000000001
CD-REPLY-029,CreateDebate,reply,abortion,P1,0.7,0.6,0.7,0.85,0.2,0.6950000000000001
CD-REPLY-029,CreateDebate,reply,abortion,P2,0.7,0.4,0.7,0.6,0.35,0.595
CD-REPLY-030,CreateDebate,reply,abortion,P0,0.8,0.8,0.6,0.9,0.1,0.7799999999999999
CD-REPLY-030,CreateDebate,reply,abortion,P1,0.85,0.8,0.6,0.9,0.05,0.7999999999999999
CD-REPLY-030,CreateDebate,reply,abortion,P2,0.8,0.7,0.6,0.95,0.1,0.7549999999999999
CD-REPLY-031,CreateDebate,reply,abortion,P0,0.7,0.9,0.6,0.95,0.1,0.7849999999999999
CD-REPLY-031,CreateDebate,reply,abortion,P1,0.4,0.85,0.3,0.95,0.6,0.5700000000000001
CD-REPLY-031,CreateDebate,reply,abortion,P2,0.6,0.9,0.5,1.0,0.25,0.7250000000000001
CD-REPLY-032,CreateDebate,reply,abortion,P0,0.25,0.5,0.4,0.8,0.75,0.41000000000000003
CD-REPLY-032,CreateDebate,reply,abortion,P1,0.2,0.5,0.4,0.9,0.8,0.4000000000000001
CD-REPLY-032,CreateDebate,reply,abortion,P2,0.2,0.6,0.4,0.9,0.85,0.42500000000000004
CD-REPLY-033,CreateDebate,reply,abortion,P0,0.7,0.4,0.8,0.9,0.15,0.6649999999999999
CD-REPLY-033,CreateDebate,reply,abortion,P1,0.9,0.7,0.9,0.95,0.05,0.85
CD-REPLY-033,CreateDebate,reply,abortion,P2,0.9,0.8,0.9,0.9,0.1,0.87
CD-REPLY-034,CreateDebate,reply,abortion,P0,0.75,0.9,0.2,0.85,0.1,0.71
CD-REPLY-034,CreateDebate,reply,abortion,P1,0.8,0.9,0.35,0.9,0.1,0.7599999999999999
CD-REPLY-034,CreateDebate,reply,abortion,P2,0.7,0.9,0.4,0.8,0.2,0.7200000000000002
CD-REPLY-035,CreateDebate,reply,abortion,P0,0.6,0.15,0.65,0.9,0.55,0.49
CD-REPLY-035,CreateDebate,reply,abortion,P1,0.7,0.2,0.75,0.9,0.55,0.555
CD-REPLY-035,CreateDebate,reply,abortion,P2,0.5,0.1,0.5,0.9,0.7,0.4000000000000001
CD-REPLY-036,CreateDebate,reply,abortion,P0,0.85,0.75,0.7,0.55,0.08,0.767
CD-REPLY-036,CreateDebate,reply,abortion,P1,0.9,0.9,0.85,0.45,0.05,0.8500000000000001
CD-REPLY-036,CreateDebate,reply,abortion,P2,0.9,0.9,0.8,0.5,0.1,0.8400000000000001
CD-REPLY-037,CreateDebate,reply,abortion,P0,0.02,0.0,0.0,0.65,0.95,0.07600000000000001
CD-REPLY-037,CreateDebate,reply,abortion,P1,0.0,0.0,0.0,0.75,0.95,0.08000000000000002
CD-REPLY-037,CreateDebate,reply,abortion,P2,0.0,0.0,0.0,0.8,0.9,0.09000000000000001
CD-REPLY-038,CreateDebate,reply,abortion,P0,0.95,0.85,0.9,0.9,0.05,0.905
CD-REPLY-038,CreateDebate,reply,abortion,P1,0.95,0.9,0.95,0.95,0.05,0.9349999999999998
CD-REPLY-038,CreateDebate,reply,abortion,P2,0.9,0.9,0.9,0.9,0.1,0.9
CD-REPLY-039,CreateDebate,reply,abortion,P0,0.85,0.9,0.9,0.9,0.08,0.887
CD-REPLY-039,CreateDebate,reply,abortion,P1,0.9,0.95,0.9,0.95,0.1,0.9199999999999999
CD-REPLY-039,CreateDebate,reply,abortion,P2,0.9,0.9,0.9,0.9,0.1,0.9
CD-REPLY-040,CreateDebate,reply,gayRights,P0,0.9,0.85,0.9,0.9,0.05,0.89
CD-REPLY-040,CreateDebate,reply,gayRights,P1,0.95,0.9,0.9,0.95,0.05,0.9249999999999999
CD-REPLY-040,CreateDebate,reply,gayRights,P2,0.9,0.9,0.9,0.9,0.1,0.9
CD-REPLY-041,CreateDebate,reply,gayRights,P0,0.5,0.2,0.65,0.6,0.25,0.475
CD-REPLY-041,CreateDebate,reply,gayRights,P1,0.35,0.2,0.5,0.4,0.3,0.37500000000000006
CD-REPLY-041,CreateDebate,reply,gayRights,P2,0.1,0.1,0.4,0.4,0.4,0.24000000000000002
CD-REPLY-042,CreateDebate,reply,gayRights,P0,0.85,0.7,0.85,0.9,0.2,0.8049999999999999
CD-REPLY-042,CreateDebate,reply,gayRights,P1,0.9,0.75,0.9,0.85,0.25,0.835
CD-REPLY-042,CreateDebate,reply,gayRights,P2,0.9,0.7,0.9,0.9,0.2,0.8300000000000001
CD-REPLY-043,CreateDebate,reply,gayRights,P0,0.95,0.75,0.9,0.85,0.05,0.87
CD-REPLY-043,CreateDebate,reply,gayRights,P1,0.95,0.8,0.9,0.8,0.0,0.8849999999999999
CD-REPLY-043,CreateDebate,reply,gayRights,P2,0.95,0.8,0.9,0.9,0.05,0.8899999999999999
CD-REPLY-044,CreateDebate,reply,gayRights,P0,0.8,0.9,0.85,0.9,0.15,0.855
CD-REPLY-044,CreateDebate,reply,gayRights,P1,0.7,0.9,0.7,0.9,0.2,0.79
CD-REPLY-044,CreateDebate,reply,gayRights,P2,0.5,0.7,0.4,0.9,0.5,0.5800000000000001
CD-REPLY-045,CreateDebate,reply,gayRights,P0,0.8,0.55,0.7,0.9,0.15,0.72
CD-REPLY-045,CreateDebate,reply,gayRights,P1,0.6,0.7,0.5,0.9,0.1,0.6699999999999999
CD-REPLY-045,CreateDebate,reply,gayRights,P2,0.7,0.7,0.7,0.9,0.1,0.7399999999999999
CD-REPLY-046,CreateDebate,reply,gayRights,P0,0.95,0.85,0.9,0.9,0.05,0.905
CD-REPLY-046,CreateDebate,reply,gayRights,P1,0.95,0.8,0.9,0.9,0.0,0.8949999999999999
CD-REPLY-046,CreateDebate,reply,gayRights,P2,0.95,0.8,0.9,0.9,0.05,0.8899999999999999
CD-REPLY-047,CreateDebate,reply,gayRights,P0,0.9,0.8,0.8,0.9,0.1,0.85
CD-REPLY-047,CreateDebate,reply,gayRights,P1,0.9,0.9,0.8,0.9,0.1,0.88
CD-REPLY-047,CreateDebate,reply,gayRights,P2,0.9,0.8,0.9,0.9,0.1,0.87
CD-REPLY-048,CreateDebate,reply,gayRights,P0,0.6,0.7,0.7,0.9,0.15,0.705
CD-REPLY-048,CreateDebate,reply,gayRights,P1,0.4,0.8,0.6,0.9,0.05,0.6649999999999999
CD-REPLY-048,CreateDebate,reply,gayRights,P2,0.2,0.5,0.3,0.8,0.5,0.4
CD-REPLY-049,CreateDebate,reply,gayRights,P0,0.78,0.12,0.9,0.85,0.12,0.6229999999999999
CD-REPLY-049,CreateDebate,reply,gayRights,P1,0.8,0.4,0.9,0.9,0.1,0.72
CD-REPLY-049,CreateDebate,reply,gayRights,P2,0.6,0.1,0.8,0.7,0.0,0.54
CD-REPLY-050,CreateDebate,reply,gayRights,P0,0.75,0.25,0.82,0.72,0.15,0.6209999999999999
CD-REPLY-050,CreateDebate,reply,gayRights,P1,0.75,0.3,0.8,0.7,0.1,0.6349999999999999
CD-REPLY-050,CreateDebate,reply,gayRights,P2,0.8,0.3,0.8,0.8,0.1,0.66
CD-REPLY-051,CreateDebate,reply,gayRights,P0,1.0,0.9,0.45,0.95,0.05,0.85
CD-REPLY-051,CreateDebate,reply,gayRights,P1,0.95,0.65,0.5,0.85,0.0,0.7649999999999999
CD-REPLY-051,CreateDebate,reply,gayRights,P2,0.9,0.8,0.2,0.9,0.0,0.74
CD-REPLY-052,CreateDebate,reply,gayRights,P0,0.9,0.85,0.9,0.95,0.15,0.885
CD-REPLY-052,CreateDebate,reply,gayRights,P1,0.8,0.85,0.85,0.95,0.2,0.8400000000000001
CD-REPLY-052,CreateDebate,reply,gayRights,P2,0.9,0.9,0.9,0.95,0.3,0.885
CD-REPLY-053,CreateDebate,reply,gayRights,P0,0.72,0.9,0.82,0.92,0.08,0.834
CD-REPLY-053,CreateDebate,reply,gayRights,P1,0.7,0.9,0.75,0.9,0.2,0.8
CD-REPLY-053,CreateDebate,reply,gayRights,P2,0.7,0.9,0.8,0.9,0.05,0.825
CD-REPLY-054,CreateDebate,reply,gayRights,P0,0.95,1.0,0.92,1.0,0.05,0.964
CD-REPLY-054,CreateDebate,reply,gayRights,P1,0.85,0.95,0.8,0.95,0.05,0.89
CD-REPLY-054,CreateDebate,reply,gayRights,P2,0.9,0.95,0.8,0.95,0.05,0.9049999999999999
CD-REPLY-055,CreateDebate,reply,gayRights,P0,0.62,0.8,0.35,1.0,0.15,0.6809999999999999
CD-REPLY-055,CreateDebate,reply,gayRights,P1,0.45,0.55,0.2,0.9,0.3,0.5000000000000001
CD-REPLY-055,CreateDebate,reply,gayRights,P2,0.5,0.6,0.0,0.9,0.2,0.5
CD-REPLY-056,CreateDebate,reply,gayRights,P0,0.88,0.9,0.68,1.0,0.05,0.865
CD-REPLY-056,CreateDebate,reply,gayRights,P1,0.75,0.8,0.6,0.9,0.05,0.7699999999999999
CD-REPLY-056,CreateDebate,reply,gayRights,P2,0.8,0.9,0.4,0.9,0.0,0.78
CD-REPLY-057,CreateDebate,reply,gayRights,P0,0.68,0.72,0.8,1.0,0.05,0.775
CD-REPLY-057,CreateDebate,reply,gayRights,P1,0.8,0.6,0.8,0.9,0.1,0.76
CD-REPLY-057,CreateDebate,reply,gayRights,P2,0.8,0.7,0.7,0.9,0.1,0.7699999999999999
CD-REPLY-058,CreateDebate,reply,gayRights,P0,0.45,0.2,0.45,0.95,0.25,0.455
CD-REPLY-058,CreateDebate,reply,gayRights,P1,0.7,0.4,0.6,0.9,0.1,0.6299999999999999
CD-REPLY-058,CreateDebate,reply,gayRights,P2,0.5,0.4,0.5,0.8,0.1,0.54
CD-REPLY-059,CreateDebate,reply,gayRights,P0,0.12,0.0,0.08,0.85,0.68,0.169
CD-REPLY-059,CreateDebate,reply,gayRights,P1,0.4,0.0,0.0,0.9,0.3,0.28
CD-REPLY-059,CreateDebate,reply,gayRights,P2,0.2,0.0,0.0,0.7,0.1,0.22000000000000003
CD-REPLY-060,CreateDebate,reply,gayRights,P0,0.0,0.0,0.0,0.85,1.0,0.085
CD-REPLY-060,CreateDebate,reply,gayRights,P1,0.0,0.0,0.0,0.5,0.9,0.06
CD-REPLY-060,CreateDebate,reply,gayRights,P2,0.0,0.0,0.0,0.6,0.9,0.06999999999999999
CD-REPLY-061,CreateDebate,reply,gayRights,P0,0.28,0.35,0.3,0.9,0.55,0.384
CD-REPLY-061,CreateDebate,reply,gayRights,P1,0.5,0.5,0.7,0.9,0.1,0.6199999999999999
CD-REPLY-061,CreateDebate,reply,gayRights,P2,0.2,0.3,0.3,0.9,0.6,0.33999999999999997
CD-REPLY-062,CreateDebate,reply,gayRights,P0,0.42,0.55,0.75,0.45,0.22,0.5640000000000001
CD-REPLY-062,CreateDebate,reply,gayRights,P1,0.4,0.5,0.8,0.4,0.1,0.56
CD-REPLY-062,CreateDebate,reply,gayRights,P2,0.7,0.8,0.8,0.8,0.1,0.7799999999999999
CD-REPLY-063,CreateDebate,reply,gayRights,P0,0.95,0.85,0.85,1.0,0.02,0.908
CD-REPLY-063,CreateDebate,reply,gayRights,P1,0.9,0.9,0.8,0.9,0.0,0.89
CD-REPLY-063,CreateDebate,reply,gayRights,P2,0.9,0.8,0.8,0.9,0.1,0.85
CD-REPLY-064,CreateDebate,reply,gayRights,P0,0.55,0.9,0.1,0.9,0.25,0.6200000000000001
CD-REPLY-064,CreateDebate,reply,gayRights,P1,0.5,0.9,0.1,0.9,0.2,0.6100000000000001
CD-REPLY-064,CreateDebate,reply,gayRights,P2,0.4,0.9,0.0,0.9,0.3,0.55
CD-REPLY-065,CreateDebate,reply,gayRights,P0,0.88,0.65,0.85,0.95,0.22,0.802
CD-REPLY-065,CreateDebate,reply,gayRights,P1,0.9,0.6,0.8,0.9,0.2,0.78
CD-REPLY-065,CreateDebate,reply,gayRights,P2,0.9,0.6,0.85,0.9,0.25,0.7849999999999999
CD-REPLY-066,CreateDebate,reply,gayRights,P0,0.92,0.85,0.55,0.9,0.08,0.823
CD-REPLY-066,CreateDebate,reply,gayRights,P1,0.85,0.9,0.7,0.95,0.05,0.855
CD-REPLY-066,CreateDebate,reply,gayRights,P2,0.8,0.85,0.7,0.95,0.1,0.82
CD-REPLY-067,CreateDebate,reply,gayRights,P0,0.7,0.8,0.35,0.85,0.12,0.6929999999999998
CD-REPLY-067,CreateDebate,reply,gayRights,P1,0.6,0.7,0.6,0.8,0.1,0.68
CD-REPLY-067,CreateDebate,reply,gayRights,P2,0.6,0.7,0.45,0.9,0.15,0.655
CD-REPLY-068,CreateDebate,reply,gayRights,P0,0.65,0.9,0.25,0.9,0.15,0.69
CD-REPLY-068,CreateDebate,reply,gayRights,P1,0.5,0.9,0.2,0.9,0.1,0.64
CD-REPLY-068,CreateDebate,reply,gayRights,P2,0.5,0.85,0.15,0.9,0.35,0.5900000000000001
CD-REPLY-069,CreateDebate,reply,gayRights,P0,0.35,0.2,0.5,0.6,0.62,0.363
CD-REPLY-069,CreateDebate,reply,gayRights,P1,0.6,0.4,0.6,0.8,0.4,0.56
CD-REPLY-069,CreateDebate,reply,gayRights,P2,0.5,0.1,0.65,0.85,0.6,0.43500000000000005
CD-REPLY-070,CreateDebate,reply,gayRights,P0,0.9,0.9,0.85,0.95,0.05,0.9
CD-REPLY-070,CreateDebate,reply,gayRights,P1,0.95,0.9,0.9,1.0,0.05,0.9299999999999999
CD-REPLY-070,CreateDebate,reply,gayRights,P2,0.95,0.9,0.9,0.95,0.05,0.9249999999999999
CD-REPLY-071,CreateDebate,reply,marijuana,P0,0.55,0.65,0.6,0.9,0.48,0.622
CD-REPLY-071,CreateDebate,reply,marijuana,P1,0.6,0.8,0.7,0.9,0.7,0.6799999999999999
CD-REPLY-071,CreateDebate,reply,marijuana,P2,0.5,0.7,0.6,0.9,0.65,0.605
CD-REPLY-072,CreateDebate,reply,marijuana,P0,0.95,0.7,0.95,0.85,0.05,0.865
CD-REPLY-072,CreateDebate,reply,marijuana,P1,0.9,0.8,0.95,0.95,0.0,0.8949999999999999
CD-REPLY-072,CreateDebate,reply,marijuana,P2,0.95,0.85,0.9,0.9,0.05,0.905
CD-REPLY-073,CreateDebate,reply,marijuana,P0,0.96,0.94,0.95,0.98,0.03,0.955
CD-REPLY-073,CreateDebate,reply,marijuana,P1,0.95,0.95,0.95,0.95,0.05,0.95
CD-REPLY-073,CreateDebate,reply,marijuana,P2,0.95,0.95,0.9,0.95,0.02,0.943
CD-REPLY-074,CreateDebate,reply,marijuana,P0,0.92,0.9,0.78,0.95,0.05,0.892
CD-REPLY-074,CreateDebate,reply,marijuana,P1,0.85,0.9,0.8,0.9,0.05,0.87
CD-REPLY-074,CreateDebate,reply,marijuana,P2,0.8,0.85,0.6,0.9,0.05,0.7999999999999999
CD-REPLY-075,CreateDebate,reply,marijuana,P0,0.5,0.35,0.6,0.9,0.45,0.52
CD-REPLY-075,CreateDebate,reply,marijuana,P1,0.4,0.5,0.6,0.95,0.5,0.535
CD-REPLY-075,CreateDebate,reply,marijuana,P2,0.25,0.15,0.45,0.85,0.65,0.33
CD-REPLY-076,CreateDebate,reply,marijuana,P0,0.88,0.1,0.9,0.95,0.08,0.661
CD-REPLY-076,CreateDebate,reply,marijuana,P1,0.85,0.1,0.9,0.9,0.05,0.65
CD-REPLY-076,CreateDebate,reply,marijuana,P2,0.55,0.05,0.9,0.95,0.05,0.5499999999999999
CD-REPLY-077,CreateDebate,reply,marijuana,P0,0.9,0.65,0.92,0.95,0.08,0.836
CD-REPLY-077,CreateDebate,reply,marijuana,P1,0.85,0.75,0.9,0.9,0.1,0.84
CD-REPLY-077,CreateDebate,reply,marijuana,P2,0.85,0.75,0.9,0.95,0.2,0.835
CD-REPLY-078,CreateDebate,reply,marijuana,P0,0.15,0.05,0.25,0.8,0.78,0.212
CD-REPLY-078,CreateDebate,reply,marijuana,P1,0.15,0.15,0.25,0.8,0.85,0.23500000000000004
CD-REPLY-078,CreateDebate,reply,marijuana,P2,0.15,0.05,0.3,0.85,0.8,0.225
CD-REPLY-079,CreateDebate,reply,marijuana,P0,0.55,0.2,0.8,0.85,0.35,0.535
CD-REPLY-079,CreateDebate,reply,marijuana,P1,0.6,0.2,0.8,0.85,0.35,0.55
CD-REPLY-079,CreateDebate,reply,marijuana,P2,0.65,0.5,0.9,0.9,0.35,0.6799999999999999
CD-REPLY-080,CreateDebate,reply,marijuana,P0,0.55,0.78,0.6,0.88,0.25,0.6819999999999999
CD-REPLY-080,CreateDebate,reply,marijuana,P1,0.4,0.8,0.7,0.9,0.25,0.665
CD-REPLY-080,CreateDebate,reply,marijuana,P2,0.3,0.9,0.7,0.9,0.25,0.665
CD-REPLY-081,CreateDebate,reply,marijuana,P0,0.0,0.0,0.0,0.7,0.95,0.075
CD-REPLY-081,CreateDebate,reply,marijuana,P1,0.0,0.0,0.0,0.7,0.95,0.075
CD-REPLY-081,CreateDebate,reply,marijuana,P2,0.0,0.0,0.0,0.8,0.95,0.08500000000000002
CD-REPLY-082,CreateDebate,reply,marijuana,P0,0.8,0.55,0.85,0.85,0.15,0.745
CD-REPLY-082,CreateDebate,reply,marijuana,P1,0.85,0.55,0.9,0.95,0.1,0.785
CD-REPLY-082,CreateDebate,reply,marijuana,P2,0.8,0.4,0.9,0.9,0.1,0.72
CD-REPLY-083,CreateDebate,reply,obama,P0,0.9,0.8,0.9,0.95,0.1,0.875
CD-REPLY-083,CreateDebate,reply,obama,P1,0.9,0.8,0.85,0.9,0.05,0.865
CD-REPLY-083,CreateDebate,reply,obama,P2,0.9,0.7,0.9,0.9,0.05,0.845
CD-REPLY-084,CreateDebate,reply,obama,P0,0.45,0.35,0.75,0.6,0.25,0.525
CD-REPLY-084,CreateDebate,reply,obama,P1,0.4,0.35,0.55,0.75,0.1,0.5
CD-REPLY-084,CreateDebate,reply,obama,P2,0.4,0.5,0.6,0.7,0.1,0.55
CD-REPLY-085,CreateDebate,reply,obama,P0,0.5,0.6,0.4,0.9,0.25,0.575
CD-REPLY-085,CreateDebate,reply,obama,P1,0.6,0.7,0.7,0.9,0.2,0.7
CD-REPLY-085,CreateDebate,reply,obama,P2,0.7,0.8,0.6,0.9,0.4,0.72
CD-REPLY-086,CreateDebate,reply,obama,P0,0.85,0.8,0.85,0.95,0.1,0.85
CD-REPLY-086,CreateDebate,reply,obama,P1,0.85,0.85,0.9,0.95,0.05,0.88
CD-REPLY-086,CreateDebate,reply,obama,P2,0.8,0.7,0.8,0.9,0.2,0.78
CD-REPLY-087,CreateDebate,reply,obama,P0,0.85,0.8,0.85,0.9,0.1,0.845
CD-REPLY-087,CreateDebate,reply,obama,P1,0.8,0.75,0.85,0.9,0.05,0.82
CD-REPLY-087,CreateDebate,reply,obama,P2,0.9,0.8,0.85,0.9,0.05,0.865
CD-REPLY-088,CreateDebate,reply,obama,P0,1.0,0.85,0.95,0.9,0.05,0.9299999999999998
CD-REPLY-088,CreateDebate,reply,obama,P1,0.95,0.85,0.95,0.9,0.05,0.9149999999999999
CD-REPLY-088,CreateDebate,reply,obama,P2,0.95,0.8,0.95,0.9,0.05,0.8999999999999998
CD-REPLY-089,CreateDebate,reply,obama,P0,0.1,0.65,0.0,0.95,0.8,0.34
CD-REPLY-089,CreateDebate,reply,obama,P1,0.0,0.2,0.0,0.9,0.8,0.17
CD-REPLY-089,CreateDebate,reply,obama,P2,0.1,0.5,0.0,1.0,0.8,0.30000000000000004
CD-REPLY-090,CreateDebate,reply,obama,P0,0.7,0.85,0.8,1.0,0.3,0.7949999999999999
CD-REPLY-090,CreateDebate,reply,obama,P1,0.5,0.8,0.8,0.95,0.3,0.715
CD-REPLY-090,CreateDebate,reply,obama,P2,0.7,0.8,0.8,0.9,0.2,0.78
CD-REPLY-091,CreateDebate,reply,obama,P0,0.15,0.2,0.0,0.75,0.6,0.22
CD-REPLY-091,CreateDebate,reply,obama,P1,0.2,0.2,0.0,0.7,0.4,0.25
CD-REPLY-091,CreateDebate,reply,obama,P2,0.3,0.4,0.1,1.0,0.3,0.39999999999999997
CD-REPLY-092,CreateDebate,reply,obama,P0,0.25,0.15,0.35,0.55,0.55,0.29
CD-REPLY-092,CreateDebate,reply,obama,P1,0.2,0.1,0.4,0.7,0.5,0.29
CD-REPLY-092,CreateDebate,reply,obama,P2,0.1,0.1,0.1,0.9,0.7,0.2
CD-REPLY-093,CreateDebate,reply,obama,P0,0.2,0.1,0.25,0.3,0.45,0.22500000000000003
CD-REPLY-093,CreateDebate,reply,obama,P1,0.0,0.0,0.2,0.2,0.7,0.09000000000000002
CD-REPLY-093,CreateDebate,reply,obama,P2,0.1,0.0,0.2,0.1,0.6,0.12000000000000002
CD-REPLY-094,CreateDebate,reply,obama,P0,0.1,0.1,0.1,0.95,0.75,0.19999999999999998
CD-REPLY-094,CreateDebate,reply,obama,P1,0.0,0.4,0.8,0.9,0.6,0.41000000000000003
CD-REPLY-094,CreateDebate,reply,obama,P2,0.1,0.1,0.1,0.9,0.6,0.21000000000000002
CD-REPLY-095,CreateDebate,reply,obama,P0,0.05,0.1,0.0,0.7,0.85,0.13
CD-REPLY-095,CreateDebate,reply,obama,P1,0.0,0.0,0.0,0.8,0.8,0.1
CD-REPLY-095,CreateDebate,reply,obama,P2,0.0,0.1,0.0,0.8,0.8,0.13
CD-REPLY-096,CreateDebate,reply,obama,P0,0.5,0.7,0.6,0.9,0.2,0.6499999999999999
CD-REPLY-096,CreateDebate,reply,obama,P1,0.3,0.6,0.4,0.9,0.5,0.49000000000000005
CD-REPLY-096,CreateDebate,reply,obama,P2,0.5,0.7,0.6,0.9,0.3,0.6399999999999999
CD-REPLY-097,CreateDebate,reply,obama,P0,0.8,0.45,0.75,0.85,0.15,0.695
CD-REPLY-097,CreateDebate,reply,obama,P1,0.75,0.45,0.7,0.85,0.15,0.6699999999999999
CD-REPLY-097,CreateDebate,reply,obama,P2,0.7,0.4,0.7,0.8,0.35,0.615
CD-REPLY-098,CreateDebate,reply,obama,P0,0.82,0.55,0.78,0.88,0.2,0.7349999999999999
CD-REPLY-098,CreateDebate,reply,obama,P1,0.7,0.6,0.75,0.9,0.25,0.7050000000000001
CD-REPLY-098,CreateDebate,reply,obama,P2,0.8,0.45,0.8,0.85,0.3,0.69
CD-REPLY-099,CreateDebate,reply,obama,P0,0.45,0.15,0.05,0.9,0.2,0.36000000000000004
CD-REPLY-099,CreateDebate,reply,obama,P1,0.45,0.45,0.0,0.9,0.1,0.45000000000000007
CD-REPLY-099,CreateDebate,reply,obama,P2,0.5,0.35,0.0,0.7,0.1,0.41500000000000004
CD-REPLY-100,CreateDebate,reply,obama,P0,0.88,0.7,0.85,0.9,0.18,0.8160000000000001
CD-REPLY-100,CreateDebate,reply,obama,P1,0.85,0.75,0.8,0.9,0.2,0.81
CD-REPLY-100,CreateDebate,reply,obama,P2,0.85,0.7,0.85,0.9,0.25,0.8
